"dateRep","cases","deaths","country","popData2019","cumulative_14d_cases"
"7/12/2020",2654,87,"Czechia",10649800,512.4039888
"6/12/2020",1773,77,"Czechia",10649800,501.6901726
"5/12/2020",4743,97,"Czechia",10649800,514.9674172
"4/12/2020",4621,126,"Czechia",10649800,524.967605
"3/12/2020",4568,108,"Czechia",10649800,542.3388233
"2/12/2020",5176,112,"Czechia",10649800,551.231009
"1/12/2020",3575,157,"Czechia",10649800,542.4984507
"30/11/2020",1074,84,"Czechia",10649800,559.7006517
"29/11/2020",2665,87,"Czechia",10649800,567.3345978
"28/11/2020",4464,188,"Czechia",10649800,581.7386242
"27/11/2020",6305,168,"Czechia",10649800,608.8846739
"26/11/2020",2681,112,"Czechia",10649800,623.5797855
"25/11/2020",5896,139,"Czechia",10649800,682.2099946
"24/11/2020",4375,164,"Czechia",10649800,711.403031
"23/11/2020",1513,101,"Czechia",10649800,727.1028564
"22/11/2020",3187,74,"Czechia",10649800,746.7745873
"21/11/2020",5808,147,"Czechia",10649800,789.3669365
"20/11/2020",6471,134,"Czechia",10649800,843.3022216
"19/11/2020",5515,182,"Czechia",10649800,906.7588124
"18/11/2020",4246,142,"Czechia",10649800,1002.685496
"17/11/2020",5407,208,"Czechia",10649800,1076.330072
"16/11/2020",1887,150,"Czechia",10649800,1112.434036
"15/11/2020",4199,132,"Czechia",10649800,1156.143777
"14/11/2020",7355,171,"Czechia",10649800,1224.032376
"13/11/2020",7870,185,"Czechia",10649800,1282.718924
"12/11/2020",8925,247,"Czechia",10649800,1331.405285
"11/11/2020",9005,249,"Czechia",10649800,1369.481117
"10/11/2020",6047,216,"Czechia",10649800,1431.998723
"9/11/2020",3608,177,"Czechia",10649800,1471.680219
"8/11/2020",7723,155,"Czechia",10649800,1506.347537
"7/11/2020",11552,196,"Czechia",10649800,1550.958703
"6/11/2020",13229,197,"Czechia",10649800,1585.757479
"5/11/2020",15731,220,"Czechia",10649800,1594.405529
"4/11/2020",12089,259,"Czechia",10649800,1587.250465
"3/11/2020",9252,225,"Czechia",10649800,1586.264531
"2/11/2020",6542,178,"Czechia",10649800,1575.23146
"1/11/2020",11429,173,"Czechia",10649800,1561.296926
"31/10/2020",13605,216,"Czechia",10649800,1535.812879
"30/10/2020",13055,187,"Czechia",10649800,1512.31009
"29/10/2020",12980,128,"Czechia",10649800,1480.994948
"28/10/2020",15663,182,"Czechia",10649800,1448.722042
"27/10/2020",10273,164,"Czechia",10649800,1379.828729
"26/10/2020",7300,124,"Czechia",10649800,1323.846457
"25/10/2020",12474,106,"Czechia",10649800,1284.437266
"24/10/2020",15258,126,"Czechia",10649800,1210.811471
"23/10/2020",14150,106,"Czechia",10649800,1148.453492
"22/10/2020",14969,120,"Czechia",10649800,1066.264155
"21/10/2020",11984,106,"Czechia",10649800,975.830532
"20/10/2020",8077,91,"Czechia",10649800,905.1437586
"19/10/2020",5058,70,"Czechia",10649800,858.5982835
"18/10/2020",8715,69,"Czechia",10649800,828.3911435
"17/10/2020",11102,53,"Czechia",10649800,770.5402918
"16/10/2020",9720,58,"Czechia",10649800,701.9380646
"15/10/2020",9543,66,"Czechia",10649800,660.7729723
"14/10/2020",8326,55,"Czechia",10649800,581.2691318
"13/10/2020",4311,17,"Czechia",10649800,521.4933614
"12/10/2020",3103,39,"Czechia",10649800,493.0890721
"11/10/2020",4633,90,"Czechia",10649800,476.1873462
"10/10/2020",8617,36,"Czechia",10649800,451.2385209
"9/10/2020",5397,40,"Czechia",10649800,397.9699149
"8/10/2020",5338,35,"Czechia",10649800,374.6173637
"7/10/2020",4456,36,"Czechia",10649800,346.1473455
"6/10/2020",3120,31,"Czechia",10649800,326.7854795
"5/10/2020",1841,16,"Czechia",10649800,311.7992826
"4/10/2020",2554,12,"Czechia",10649800,303.2826908
"3/10/2020",3796,21,"Czechia",10649800,298.4938684
"2/10/2020",5336,23,"Czechia",10649800,282.6344157
"1/10/2020",1076,19,"Czechia",10649800,261.8546827
"30/09/2020",1960,18,"Czechia",10649800,271.8079213
"29/09/2020",1286,12,"Czechia",10649800,269.1224248
"28/09/2020",1303,15,"Czechia",10649800,266.7561832
"27/09/2020",1976,10,"Czechia",10649800,261.9110218
"26/09/2020",2944,14,"Czechia",10649800,257.8264381
"25/09/2020",2910,12,"Czechia",10649800,243.7698361
"24/09/2020",2306,24,"Czechia",10649800,229.3751995
"23/09/2020",2394,9,"Czechia",10649800,218.6050442
"22/09/2020",1524,19,"Czechia",10649800,207.027362
"21/09/2020",934,4,"Czechia",10649800,197.9755488
"20/09/2020",2044,4,"Czechia",10649800,192.9989296
"19/09/2020",2107,6,"Czechia",10649800,178.5291743
"18/09/2020",3123,7,"Czechia",10649800,166.2284738
"17/09/2020",2136,6,"Czechia",10649800,143.279686
"16/09/2020",1674,11,"Czechia",10649800,129.3827114
"15/09/2020",1034,9,"Czechia",10649800,118.3496404
"14/09/2020",787,3,"Czechia",10649800,110.9973896
"13/09/2020",1541,3,"Czechia",10649800,106.1710079
"12/9/2020",1447,2,"Czechia",10649800,94.67783433
"11/9/2020",1377,4,"Czechia",10649800,85.56968206
"10/9/2020",1159,3,"Czechia",10649800,75.91691863
"9/9/2020",1161,4,"Czechia",10649800,68.81819377
"8/9/2020",560,1,"Czechia",10649800,61.3626547
"7/9/2020",404,5,"Czechia",10649800,58.52692069
"6/9/2020",503,2,"Czechia",10649800,55.98227197
"5/9/2020",797,3,"Czechia",10649800,53.50335218
"4/9/2020",679,1,"Czechia",10649800,50.7709065
"3/9/2020",656,0,"Czechia",10649800,46.71449229
"2/9/2020",499,1,"Czechia",10649800,43.51255423
"1/9/2020",251,1,"Czechia",10649800,41.46556743
"31/08/2020",273,2,"Czechia",10649800,40.89278672
"30/08/2020",317,2,"Czechia",10649800,39.46552987
"29/08/2020",477,1,"Czechia",10649800,38.34813799
"28/08/2020",349,0,"Czechia",10649800,36.61101617
"27/08/2020",403,2,"Czechia",10649800,36.39504967
"26/08/2020",367,1,"Czechia",10649800,35.35277658
"25/08/2020",258,3,"Czechia",10649800,34.62036846
"24/08/2020",133,1,"Czechia",10649800,33.50297658
"23/08/2020",239,0,"Czechia",10649800,33.38090856
"22/08/2020",506,5,"Czechia",10649800,32.77995831
"21/08/2020",247,2,"Czechia",10649800,31.03344664
"20/08/2020",315,3,"Czechia",10649800,30.69541212
"19/08/2020",281,2,"Czechia",10649800,30.01934309
"18/08/2020",190,2,"Czechia",10649800,29.99117354
"17/08/2020",121,2,"Czechia",10649800,30.1601908
"16/08/2020",198,1,"Czechia",10649800,29.97239385
"15/08/2020",292,3,"Czechia",10649800,29.28693497
"14/08/2020",326,0,"Czechia",10649800,28.7235441
"13/08/2020",292,0,"Czechia",10649800,28.00052583
"12/8/2020",289,2,"Czechia",10649800,28.01930553
"11/8/2020",139,0,"Czechia",10649800,27.96296644
"10/8/2020",120,0,"Czechia",10649800,28.46062837
"9/8/2020",175,0,"Czechia",10649800,28.38550959
"8/8/2020",320,0,"Czechia",10649800,27.97235629
"7/8/2020",211,1,"Czechia",10649800,27.60615223
"6/8/2020",243,5,"Czechia",10649800,27.78455933
"5/8/2020",278,0,"Czechia",10649800,27.81272888
"4/8/2020",208,0,"Czechia",10649800,27.3244568
"3/8/2020",101,0,"Czechia",10649800,26.80801517
"2/8/2020",125,1,"Czechia",10649800,26.70472685
"1/8/2020",232,3,"Czechia",10649800,26.59204868
"31/07/2020",249,5,"Czechia",10649800,25.63428421
"30/07/2020",294,1,"Czechia",10649800,24.58262127
"29/07/2020",283,0,"Czechia",10649800,23.08024564
"28/07/2020",192,2,"Czechia",10649800,21.39007305
"27/07/2020",112,3,"Czechia",10649800,20.18817255
"26/07/2020",131,0,"Czechia",10649800,19.69051062
"25/07/2020",281,3,"Czechia",10649800,18.9581025
"24/07/2020",230,1,"Czechia",10649800,17.66230352
"23/07/2020",246,4,"Czechia",10649800,16.48857256
"22/07/2020",226,1,"Czechia",10649800,15.38996037
"21/07/2020",153,0,"Czechia",10649800,14.38524667
"20/07/2020",90,1,"Czechia",10649800,13.42748221
"19/07/2020",113,0,"Czechia",10649800,13.28663449
"18/07/2020",130,3,"Czechia",10649800,13.36175327
"17/07/2020",137,0,"Czechia",10649800,13.4650416
"16/07/2020",134,0,"Czechia",10649800,13.41809236
"15/07/2020",103,2,"Czechia",10649800,13.02371876
"14/07/2020",64,1,"Czechia",10649800,13.45565175
"13/07/2020",59,0,"Czechia",10649800,14.75145073
"12/7/2020",53,0,"Czechia",10649800,17.06135326
"11/7/2020",143,0,"Czechia",10649800,19.00505174
"10/7/2020",105,1,"Czechia",10649800,19.23979793
"9/7/2020",129,0,"Czechia",10649800,19.12711976
"8/7/2020",119,1,"Czechia",10649800,19.10834006
"7/7/2020",51,2,"Czechia",10649800,18.82664463
"6/7/2020",75,-3,"Czechia",10649800,18.9393228
"5/7/2020",121,-1,"Czechia",10649800,18.70457661
"4/7/2020",141,1,"Czechia",10649800,17.96277864
"3/7/2020",132,2,"Czechia",10649800,18.29142331
"2/7/2020",92,0,"Czechia",10649800,17.69047306
"1/7/2020",149,1,"Czechia",10649800,17.3054893
"30/06/2020",202,0,"Czechia",10649800,16.34772484
"29/06/2020",305,1,"Czechia",10649800,14.82656951
"28/06/2020",260,2,"Czechia",10649800,12.27253094
"27/06/2020",168,0,"Czechia",10649800,10.32883247
"26/06/2020",93,2,"Czechia",10649800,9.23961013
"25/06/2020",127,4,"Czechia",10649800,8.94852485
"24/06/2020",89,3,"Czechia",10649800,8.44147308
"23/06/2020",63,0,"Czechia",10649800,8.11282841
"22/06/2020",50,0,"Czechia",10649800,8.1691675
"21/06/2020",42,1,"Czechia",10649800,8.27245582
"20/06/2020",176,1,"Czechia",10649800,8.23489643
"19/06/2020",68,1,"Czechia",10649800,6.9109279
"18/06/2020",51,2,"Czechia",10649800,6.79824973
"17/06/2020",47,1,"Czechia",10649800,7.01421623
"16/06/2020",40,1,"Czechia",10649800,7.15506394
"15/06/2020",33,0,"Czechia",10649800,7.05177562
"14/06/2020",53,0,"Czechia",10649800,7.1456741
"13/06/2020",52,0,"Czechia",10649800,6.96726699
"12/6/2020",62,1,"Czechia",10649800,7.00482638
"11/6/2020",73,0,"Czechia",10649800,6.9297076
"10/6/2020",54,0,"Czechia",10649800,6.58228324
"9/6/2020",69,1,"Czechia",10649800,6.50716445
"8/6/2020",61,0,"Czechia",10649800,6.3005878
"7/6/2020",38,0,"Czechia",10649800,6.35692689
"6/6/2020",35,1,"Czechia",10649800,6.72313095
"5/6/2020",56,2,"Czechia",10649800,6.9484873
"4/6/2020",74,1,"Czechia",10649800,6.7325208
"3/6/2020",62,2,"Czechia",10649800,6.7325208
"2/6/2020",29,1,"Czechia",10649800,6.72313095
"1/6/2020",43,1,"Czechia",10649800,7.49309846
"31/05/2020",34,0,"Czechia",10649800,7.27713196
"30/05/2020",56,0,"Czechia",10649800,7.41797968
"29/05/2020",54,2,"Czechia",10649800,7.40858983
"28/05/2020",36,0,"Czechia",10649800,7.67150557
"27/05/2020",46,0,"Czechia",10649800,7.78418374
"26/05/2020",47,2,"Czechia",10649800,7.77479389
"25/05/2020",67,1,"Czechia",10649800,7.83113298
"24/05/2020",77,2,"Czechia",10649800,7.46492892
"23/05/2020",59,6,"Czechia",10649800,6.9109279
"22/05/2020",33,2,"Czechia",10649800,6.78885988
"21/05/2020",74,2,"Czechia",10649800,7.01421623
"20/05/2020",61,5,"Czechia",10649800,7.05177562
"19/05/2020",111,0,"Czechia",10649800,7.20201318
"18/05/2020",20,1,"Czechia",10649800,6.5165543
"17/05/2020",49,1,"Czechia",10649800,6.57289339
"16/05/2020",55,2,"Czechia",10649800,6.28180811
"15/05/2020",82,3,"Czechia",10649800,6.28180811
"14/05/2020",48,7,"Czechia",10649800,6.47899491
"13/05/2020",45,1,"Czechia",10649800,6.7325208
"12/5/2020",53,2,"Czechia",10649800,6.82641928
"11/5/2020",28,4,"Czechia",10649800,6.75130049
"10/5/2020",18,3,"Czechia",10649800,6.97665684
"9/5/2020",46,3,"Czechia",10649800,7.54943755
"8/5/2020",57,8,"Czechia",10649800,7.91564161
"7/5/2020",78,5,"Czechia",10649800,7.86869237
"6/5/2020",77,5,"Czechia",10649800,8.02831978
"5/5/2020",38,4,"Czechia",10649800,8.49781217
"4/5/2020",26,3,"Czechia",10649800,9.33350861
"3/5/2020",18,5,"Czechia",10649800,10.33822231
"2/5/2020",55,4,"Czechia",10649800,11.15513906
"1/5/2020",103,9,"Czechia",10649800,11.72791977
"30/04/2020",75,0,"Czechia",10649800,11.98144566
"29/04/2020",55,4,"Czechia",10649800,12.79836241
"28/04/2020",45,2,"Czechia",10649800,13.0518883
"27/04/2020",52,3,"Czechia",10649800,13.2678548
"26/04/2020",79,3,"Czechia",10649800,13.61527916
"25/04/2020",85,2,"Czechia",10649800,14.4697553
"24/04/2020",52,3,"Czechia",10649800,15.20216342
"23/04/2020",95,9,"Czechia",10649800,17.1270822
"22/04/2020",127,5,"Czechia",10649800,19.00505174
"21/04/2020",127,8,"Czechia",10649800,19.64356138
"20/04/2020",133,7,"Czechia",10649800,20.65766493
"19/04/2020",105,8,"Czechia",10649800,20.48864767
"18/04/2020",116,4,"Czechia",10649800,22.15065072
"17/04/2020",130,3,"Czechia",10649800,24.17885782
"16/04/2020",162,5,"Czechia",10649800,25.48404665
"15/04/2020",82,18,"Czechia",10649800,26.60143852
"14/04/2020",68,5,"Czechia",10649800,28.70476441
"13/04/2020",89,9,"Czechia",10649800,29.69069842
"12/4/2020",170,10,"Czechia",10649800,30.41371669
"11/4/2020",163,7,"Czechia",10649800,32.4231441
"10/4/2020",257,13,"Czechia",10649800,32.93019587
"9/4/2020",295,11,"Czechia",10649800,34.34806287
"8/4/2020",195,10,"Czechia",10649800,34.01941821
"7/4/2020",235,11,"Czechia",10649800,33.67199384
"6/4/2020",115,8,"Czechia",10649800,32.13205882
"5/4/2020",282,6,"Czechia",10649800,32.64850044
"4/4/2020",332,9,"Czechia",10649800,30.85503953
"3/4/2020",269,5,"Czechia",10649800,29.70947811
"2/4/2020",281,8,"Czechia",10649800,28.79866289
"1/4/2020",306,7,"Czechia",10649800,26.98642228
"31/03/2020",173,8,"Czechia",10649800,24.95821518
"30/03/2020",166,5,"Czechia",10649800,23.76570452
"29/03/2020",384,2,"Czechia",10649800,22.99573701
"28/03/2020",217,0,"Czechia",10649800,19.99098575
"27/03/2020",408,3,"Czechia",10649800,18.27264362
"26/03/2020",260,3,"Czechia",10649800,14.64816241
"25/03/2020",158,2,"Czechia",10649800,12.49788728
"24/03/2020",71,0,"Czechia",10649800,11.23025785
"23/03/2020",170,1,"Czechia",10649800,10.63869744
"22/03/2020",91,0,"Czechia",10649800,9.09876242
"21/03/2020",210,0,"Czechia",10649800,8.31001521
"20/03/2020",172,0,"Czechia",10649800,6.40387613
"19/03/2020",88,0,"Czechia",10649800,4.82638172
"18/03/2020",90,0,"Czechia",10649800,4.02824466
"17/03/2020",46,0,"Czechia",10649800,3.18315837
"16/03/2020",84,0,"Czechia",10649800,2.77000507
"15/03/2020",64,0,"Czechia",10649800,2.00942741
"14/03/2020",34,0,"Czechia",10649800,1.40847715
"13/03/2020",22,0,"Czechia",10649800,1.08922233
"12/3/2020",31,0,"Czechia",10649800,0.88264568
"11/3/2020",23,0,"Czechia",10649800,0.5915604
"10/3/2020",8,0,"Czechia",10649800,0.37559391
"9/3/2020",6,0,"Czechia",10649800,0.30047513
"8/3/2020",7,0,"Czechia",10649800,0.24413604
"7/3/2020",7,0,"Czechia",10649800,0.17840711
"6/3/2020",4,0,"Czechia",10649800,0.11267817
"5/3/2020",3,0,"Czechia",10649800,0.07511878
"4/3/2020",0,0,"Czechia",10649800,0.04694924
"3/3/2020",2,0,"Czechia",10649800,0.04694924
"2/3/2020",3,0,"Czechia",10649800,0.02816954
"1/3/2020",0,0,"Czechia",10649800,0
"29/02/2020",0,0,"Czechia",10649800,0
"28/02/2020",0,0,"Czechia",10649800,0
"27/02/2020",0,0,"Czechia",10649800,0
"26/02/2020",0,0,"Czechia",10649800,0
"25/02/2020",0,0,"Czechia",10649800,0
"24/02/2020",0,0,"Czechia",10649800,0
"23/02/2020",0,0,"Czechia",10649800,0
"22/02/2020",0,0,"Czechia",10649800,0
"21/02/2020",0,0,"Czechia",10649800,0
"20/02/2020",0,0,"Czechia",10649800,0
"19/02/2020",0,0,"Czechia",10649800,0
"18/02/2020",0,0,"Czechia",10649800,0
"17/02/2020",0,0,"Czechia",10649800,0
"16/02/2020",0,0,"Czechia",10649800,0
"15/02/2020",0,0,"Czechia",10649800,0
"14/02/2020",0,0,"Czechia",10649800,0
"13/02/2020",0,0,"Czechia",10649800,0
"12/2/2020",0,0,"Czechia",10649800,0
"11/2/2020",0,0,"Czechia",10649800,0
"10/2/2020",0,0,"Czechia",10649800,0
"9/2/2020",0,0,"Czechia",10649800,0
"8/2/2020",0,0,"Czechia",10649800,0
"7/2/2020",0,0,"Czechia",10649800,0
"6/2/2020",0,0,"Czechia",10649800,0
"5/2/2020",0,0,"Czechia",10649800,0
"4/2/2020",0,0,"Czechia",10649800,0
"3/2/2020",0,0,"Czechia",10649800,0
"2/2/2020",0,0,"Czechia",10649800,0
"1/2/2020",0,0,"Czechia",10649800,0
"31/01/2020",0,0,"Czechia",10649800,0
"30/01/2020",0,0,"Czechia",10649800,0
"29/01/2020",0,0,"Czechia",10649800,0
"28/01/2020",0,0,"Czechia",10649800,0
"27/01/2020",0,0,"Czechia",10649800,0
"26/01/2020",0,0,"Czechia",10649800,0
"25/01/2020",0,0,"Czechia",10649800,0
"24/01/2020",0,0,"Czechia",10649800,0
"23/01/2020",0,0,"Czechia",10649800,0
"22/01/2020",0,0,"Czechia",10649800,0
"21/01/2020",0,0,"Czechia",10649800,0
"20/01/2020",0,0,"Czechia",10649800,0
"19/01/2020",0,0,"Czechia",10649800,0
"18/01/2020",0,0,"Czechia",10649800,0
"17/01/2020",0,0,"Czechia",10649800,0
"16/01/2020",0,0,"Czechia",10649800,0
"15/01/2020",0,0,"Czechia",10649800,0
"14/01/2020",0,0,"Czechia",10649800,0
"13/01/2020",0,0,"Czechia",10649800,0
"12/1/2020",0,0,"Czechia",10649800,NA
"11/1/2020",0,0,"Czechia",10649800,NA
"10/1/2020",0,0,"Czechia",10649800,NA
"9/1/2020",0,0,"Czechia",10649800,NA
"8/1/2020",0,0,"Czechia",10649800,NA
"7/1/2020",0,0,"Czechia",10649800,NA
"6/1/2020",0,0,"Czechia",10649800,NA
"5/1/2020",0,0,"Czechia",10649800,NA
"4/1/2020",0,0,"Czechia",10649800,NA
"3/1/2020",0,0,"Czechia",10649800,NA
"2/1/2020",0,0,"Czechia",10649800,NA
"1/1/2020",0,0,"Czechia",10649800,NA
"31/12/2019",0,0,"Czechia",10649800,NA
"7/12/2020",11022,174,"France",67012883,227.2533178
"6/12/2020",12923,214,"France",67012883,230.4392724
"5/12/2020",11221,627,"France",67012883,237.8378498
"4/12/2020",12696,324,"France",67012883,255.2389814
"3/12/2020",14064,310,"France",67012883,267.8544661
"2/12/2020",8083,775,"France",67012883,289.2219993
"1/12/2020",4005,406,"France",67012883,345.0903612
"30/11/2020",9784,198,"France",67012883,353.1500055
"29/11/2020",12500,213,"France",67012883,379.1808211
"28/11/2020",12539,957,"France",67012883,408.4214673
"27/11/2020",13563,339,"France",67012883,425.2167453
"26/11/2020",16282,381,"France",67012883,454.4782829
"25/11/2020",9155,1005,"France",67012883,483.7219136
"24/11/2020",4452,500,"France",67012883,503.1584748
"23/11/2020",13157,214,"France",67012883,526.5912825
"22/11/2020",17881,253,"France",67012883,564.5869616
"21/11/2020",22882,1138,"France",67012883,667.5089624
"20/11/2020",21150,429,"France",67012883,723.6235456
"19/11/2020",28383,425,"France",67012883,778.6816156
"18/11/2020",45522,1219,"France",67012883,796.849764
"17/11/2020",9406,506,"France",67012883,783.1329985
"16/11/2020",27228,302,"France",67012883,847.4668968
"15/11/2020",32095,354,"France",67012883,880.3889246
"14/11/2020",23794,932,"France",67012883,881.2036933
"13/11/2020",33172,425,"France",67012883,919.1381902
"12/11/2020",35879,328,"France",67012883,940.7235919
"11/11/2020",22180,1220,"France",67012883,941.5562676
"10/11/2020",20155,548,"France",67012883,958.3246851
"9/11/2020",38619,270,"France",67012883,968.1974136
"8/11/2020",86852,304,"France",67012883,988.1801384
"7/11/2020",60486,828,"France",67012883,926.3562053
"6/11/2020",58046,363,"France",67012883,898.8182168
"5/11/2020",40558,385,"France",67012883,874.3094966
"4/11/2020",36330,854,"France",67012883,853.5940768
"3/11/2020",52518,416,"France",67012883,829.9240013
"2/11/2020",49290,231,"France",67012883,771.3158677
"1/11/2020",32641,223,"France",67012883,742.2871211
"31/10/2020",49215,545,"France",67012883,741.9677795
"30/10/2020",47637,235,"France",67012883,705.9612702
"29/10/2020",36437,244,"France",67012883,680.5691377
"28/10/2020",33417,523,"France",67012883,659.907439
"27/10/2020",26771,257,"France",67012883,629.4297173
"26/10/2020",52010,116,"France",67012883,602.1722719
"25/10/2020",45422,137,"France",67012883,548.587053
"24/10/2020",42032,298,"France",67012883,520.9416225
"23/10/2020",41622,162,"France",67012883,488.5702351
"22/10/2020",26676,163,"France",67012883,453.5127969
"21/10/2020",20468,262,"France",67012883,441.6792514
"20/10/2020",13243,146,"France",67012883,426.7880849
"19/10/2020",29837,85,"France",67012883,414.6426591
"18/10/2020",32427,89,"France",67012883,388.8386655
"17/10/2020",25086,178,"France",67012883,365.775936
"16/10/2020",30621,88,"France",67012883,346.4692006
"15/10/2020",22591,104,"France",67012883,321.6217395
"14/10/2020",12993,108,"France",67012883,307.0782673
"13/10/2020",8505,95,"France",67012883,299.703566
"12/10/2020",16101,46,"France",67012883,293.0854355
"11/10/2020",26896,54,"France",67012883,285.6570131
"10/10/2020",20339,109,"France",67012883,267.0277594
"9/10/2020",18129,76,"France",67012883,260.2499582
"8/10/2020",18746,80,"France",67012883,257.2162132
"7/10/2020",10489,66,"France",67012883,248.7491845
"6/10/2020",5104,69,"France",67012883,248.0314121
"5/10/2020",12545,32,"France",67012883,246.8286583
"4/10/2020",16972,43,"France",67012883,245.3722219
"3/10/2020",12148,136,"France",67012883,240.1881441
"2/10/2020",13970,63,"France",67012883,241.7803753
"1/10/2020",12845,63,"France",67012883,236.7410458
"30/09/2020",8051,85,"France",67012883,232.1732673
"29/09/2020",4070,81,"France",67012883,231.8763095
"28/09/2020",11123,27,"France",67012883,234.9921283
"27/09/2020",14412,39,"France",67012883,229.1126618
"26/09/2020",15797,150,"France",67012883,223.3660056
"25/09/2020",16096,52,"France",67012883,213.8290334
"24/09/2020",13072,43,"France",67012883,204.4979918
"23/09/2020",10008,78,"France",67012883,197.7903264
"22/09/2020",4298,53,"France",67012883,192.6211711
"21/09/2020",11569,11,"France",67012883,192.4794073
"20/09/2020",13498,25,"France",67012883,185.7672651
"19/09/2020",13215,154,"France",67012883,178.3836102
"18/09/2020",10593,50,"France",67012883,172.0564686
"17/09/2020",9784,46,"France",67012883,166.9290963
"16/09/2020",7852,49,"France",67012883,162.8000395
"15/09/2020",6158,34,"France",67012883,158.5172809
"14/09/2020",7183,6,"France",67012883,153.9271188
"13/09/2020",10561,17,"France",67012883,151.2858356
"12/9/2020",9406,80,"France",67012883,143.6634207
"11/9/2020",9843,19,"France",67012883,140.6386291
"10/9/2020",8577,30,"France",67012883,135.0695507
"9/9/2020",6544,38,"France",67012883,130.3719465
"8/9/2020",4203,25,"France",67012883,125.5370553
"7/9/2020",7071,3,"France",67012883,122.1824765
"6/9/2020",8550,12,"France",67012883,118.9383241
"5/9/2020",8975,0,"France",67012883,111.5546693
"4/9/2020",7157,0,"France",67012883,105.0051824
"3/9/2020",7017,25,"France",67012883,101.444673
"2/9/2020",4982,26,"France",67012883,96.60828948
"1/9/2020",3082,29,"France",67012883,92.51355445
"31/08/2020",5413,4,"France",67012883,88.65011822
"30/08/2020",5453,6,"France",67012883,85.07170181
"29/08/2020",7379,20,"France",67012883,81.87380925
"28/08/2020",6111,32,"France",67012883,75.10943829
"27/08/2020",5429,0,"France",67012883,69.97311248
"26/08/2020",3304,16,"France",67012883,65.63812513
"25/08/2020",1955,15,"France",67012883,62.79240366
"24/08/2020",4897,1,"France",67012883,67.11843751
"23/08/2020",3602,9,"France",67012883,59.81088741
"22/08/2020",4586,23,"France",67012883,54.43580155
"21/08/2020",4771,12,"France",67012883,51.00661018
"20/08/2020",3776,17,"France",67012883,46.28065323
"19/08/2020",2238,22,"France",67012883,43.17528019
"18/08/2020",493,19,"France",67012883,41.38607199
"17/08/2020",3015,1,"France",67012883,45.68822983
"16/08/2020",3310,3,"France",67012883,41.18909494
"15/08/2020",2846,18,"France",67012883,36.24974619
"14/08/2020",2669,17,"France",67012883,34.01137062
"13/08/2020",2524,17,"France",67012883,32.08338313
"12/8/2020",1397,14,"France",67012883,30.3941557
"11/8/2020",4854,16,"France",67012883,29.39136345
"10/8/2020",0,0,"France",67012883,25.95471083
"9/8/2020",0,0,"France",67012883,25.95471083
"8/8/2020",2288,12,"France",67012883,25.95471083
"7/8/2020",1604,7,"France",67012883,24.22668489
"6/8/2020",1695,9,"France",67012883,23.41788518
"5/8/2020",1039,2,"France",67012883,22.37778667
"4/8/2020",3376,29,"France",67012883,21.69881275
"3/8/2020",0,0,"France",67012883,19.76485626
"2/8/2020",0,0,"France",67012883,19.76485626
"1/8/2020",1346,11,"France",67012883,19.76485626
"31/07/2020",1377,16,"France",67012883,19.00380857
"30/07/2020",1392,15,"France",67012883,17.7458415
"29/07/2020",725,14,"France",67012883,17.05194507
"28/07/2020",2551,17,"France",67012883,15.97006355
"27/07/2020",0,0,"France",67012883,14.5882397
"26/07/2020",0,0,"France",67012883,14.5882397
"25/07/2020",1130,10,"France",67012883,14.5882397
"24/07/2020",1062,10,"France",67012883,13.88389752
"23/07/2020",998,7,"France",67012883,13.2258151
"22/07/2020",584,0,"France",67012883,12.72591123
"21/07/2020",2080,13,"France",67012883,12.56325593
"20/07/2020",0,0,"France",67012883,11.51121942
"19/07/2020",0,0,"France",67012883,11.51121942
"18/07/2020",836,14,"France",67012883,11.51121942
"17/07/2020",534,18,"France",67012883,11.13218782
"16/07/2020",927,91,"France",67012883,11.31871912
"15/07/2020",0,0,"France",67012883,11.30528887
"14/07/2020",1625,25,"France",67012883,12.11259632
"13/07/2020",0,0,"France",67012883,11.66342896
"12/7/2020",0,0,"France",67012883,11.66342896
"11/7/2020",658,25,"France",67012883,11.66342896
"10/7/2020",621,14,"France",67012883,13.05122181
"9/7/2020",663,32,"France",67012883,12.12453432
"8/7/2020",475,13,"France",67012883,11.2560446
"7/7/2020",1375,27,"France",67012883,11.31871912
"6/7/2020",0,0,"France",67012883,9.82348424
"5/7/2020",0,0,"France",67012883,10.24728335
"4/7/2020",582,18,"France",67012883,11.20381584
"3/7/2020",659,14,"France",67012883,11.54554118
"2/7/2020",918,18,"France",67012883,11.2590291
"1/7/2020",541,30,"France",67012883,10.57259393
"30/06/2020",1324,35,"France",67012883,10.2786206
"29/06/2020",0,0,"France",67012883,8.52970316
"28/06/2020",0,0,"France",67012883,9.13704907
"27/06/2020",1588,26,"France",67012883,9.92197276
"26/06/2020",0,21,"France",67012883,8.63565294
"25/06/2020",81,11,"France",67012883,9.26985935
"24/06/2020",517,57,"France",67012883,9.96226352
"23/06/2020",373,23,"France",67012883,9.79214698
"22/06/2020",284,7,"France",67012883,9.55040242
"21/06/2020",641,16,"France",67012883,9.63844519
"20/06/2020",811,14,"France",67012883,9.54592567
"19/06/2020",467,28,"France",67012883,9.24747559
"18/06/2020",458,28,"France",67012883,9.69515071
"17/06/2020",344,111,"France",67012883,9.53697217
"16/06/2020",152,29,"France",67012883,7.88057425
"15/06/2020",407,9,"France",67012883,8.15813282
"14/06/2020",526,24,"France",67012883,7.93429526
"13/06/2020",726,28,"France",67012883,9.87720525
"12/6/2020",425,27,"France",67012883,9.68470495
"11/6/2020",545,23,"France",67012883,14.01223105
"10/6/2020",403,87,"France",67012883,13.48397442
"9/6/2020",211,54,"France",67012883,13.29445862
"8/6/2020",343,13,"France",67012883,13.51381942
"7/6/2020",579,31,"France",67012883,13.17358634
"6/6/2020",611,46,"France",67012883,12.66771346
"5/6/2020",767,44,"France",67012883,12.35732538
"4/6/2020",352,81,"France",67012883,11.68730496
"3/6/2020",-766,107,"France",67012883,11.78579349
"2/6/2020",338,31,"France",67012883,13.71079647
"1/6/2020",257,31,"France",67012883,13.94060303
"31/05/2020",1828,57,"France",67012883,13.73616473
"30/05/2020",597,52,"France",67012883,11.56344818
"29/05/2020",3325,66,"France",67012883,11.51271167
"28/05/2020",191,66,"France",67012883,7.4791589
"27/05/2020",276,98,"France",67012883,7.95071001
"26/05/2020",358,65,"France",67012883,8.59536218
"25/05/2020",115,35,"France",67012883,8.74160272
"24/05/2020",240,43,"France",67012883,8.88187425
"23/05/2020",403,74,"France",67012883,9.16987857
"22/05/2020",318,83,"France",67012883,9.52652641
"21/05/2020",418,110,"France",67012883,9.99061628
"20/05/2020",524,125,"France",67012883,15.60893896
"19/05/2020",492,186,"France",67012883,16.47444418
"18/05/2020",120,68,"France",67012883,16.59979321
"17/05/2020",372,88,"France",67012883,16.88033628
"16/05/2020",563,130,"France",67012883,17.51006594
"15/05/2020",622,351,"France",67012883,17.5712482
"14/05/2020",507,83,"France",67012883,18.34274165
"13/05/2020",708,348,"France",67012883,19.98421706
"12/5/2020",456,263,"France",67012883,20.51695045
"11/5/2020",209,70,"France",67012883,21.61972348
"10/5/2020",433,80,"France",67012883,21.99577057
"9/5/2020",642,243,"France",67012883,23.64321499
"8/5/2020",629,178,"France",67012883,25.33095017
"7/5/2020",4183,278,"France",67012883,26.85901456
"6/5/2020",1104,330,"France",67012883,23.34327267
"5/5/2020",576,306,"France",67012883,25.67566001
"4/5/2020",308,135,"France",67012883,27.87672931
"3/5/2020",794,166,"France",67012883,28.58853275
"2/5/2020",604,218,"France",67012883,31.23727717
"1/5/2020",1139,289,"France",67012883,30.94031934
"30/04/2020",1607,427,"France",67012883,33.18167941
"29/04/2020",1065,367,"France",67012883,34.7127283
"28/04/2020",1195,437,"France",67012883,41.32638197
"27/04/2020",461,242,"France",67012883,43.53192803
"26/04/2020",1537,369,"France",67012883,45.25100047
"25/04/2020",1773,389,"France",67012883,47.60427931
"24/04/2020",1653,516,"France",67012883,51.43787054
"23/04/2020",1827,544,"France",67012883,55.36696578
"22/04/2020",2667,531,"France",67012883,58.43204806
"21/04/2020",2051,547,"France",67012883,60.08844598
"20/04/2020",785,395,"France",67012883,62.86552393
"19/04/2020",2569,642,"France",67012883,64.48909234
"18/04/2020",405,761,"France",67012883,67.02293349
"17/04/2020",2641,753,"France",67012883,74.22751831
"16/04/2020",2633,1438,"France",67012883,73.44408686
"15/04/2020",5497,762,"France",67012883,76.76882071
"14/04/2020",2673,574,"France",67012883,79.87419374
"13/04/2020",1613,561,"France",67012883,82.41549614
"12/4/2020",3114,635,"France",67012883,83.88685501
"11/4/2020",4342,987,"France",67012883,86.12075383
"10/4/2020",4286,1341,"France",67012883,85.32538437
"9/4/2020",3881,541,"France",67012883,84.78220524
"8/4/2020",3777,1417,"France",67012883,83.36456738
"7/4/2020",3912,833,"France",67012883,81.37838212
"6/4/2020",1873,518,"France",67012883,81.2679556
"5/4/2020",4267,1053,"France",67012883,80.79938898
"4/4/2020",5233,2004,"France",67012883,77.18814306
"3/4/2020",2116,471,"France",67012883,71.79216569
"2/4/2020",4861,509,"France",67012883,71.41164185
"1/4/2020",7578,499,"France",67012883,66.25293229
"31/03/2020",4376,418,"France",67012883,56.58165759
"30/03/2020",2599,292,"France",67012883,51.85719289
"29/03/2020",4611,319,"France",67012883,49.35767351
"28/03/2020",3809,299,"France",67012883,43.72741283
"27/03/2020",3922,365,"France",67012883,39.21484769
"26/03/2020",2931,231,"France",67012883,34.25013068
"25/03/2020",2446,240,"France",67012883,30.61799326
"24/03/2020",3838,186,"France",67012883,27.52306598
"23/03/2020",1559,112,"France",67012883,22.22259263
"22/03/2020",1847,112,"France",67012883,20.50799695
"21/03/2020",1617,78,"France",67012883,17.90551229
"20/03/2020",1861,128,"France",67012883,15.776071
"19/03/2020",1404,69,"France",67012883,13.2049236
"18/03/2020",1097,27,"France",67012883,11.21873834
"17/03/2020",1210,21,"France",67012883,9.63247619
"16/03/2020",924,36,"France",67012883,7.89848125
"15/03/2020",838,12,"France",67012883,6.56440941
"14/03/2020",785,18,"France",67012883,5.37807036
"13/03/2020",595,13,"France",67012883,4.23500657
"12/3/2020",497,15,"France",67012883,3.37845486
"11/3/2020",372,3,"France",67012883,2.64128317
"10/3/2020",286,11,"France",67012883,2.08915053
"9/3/2020",410,9,"France",67012883,1.66236692
"8/3/2020",103,1,"France",67012883,1.05054427
"7/3/2020",190,2,"France",67012883,0.89684248
"6/3/2020",138,3,"France",67012883,0.61331491
"5/3/2020",73,0,"France",67012883,0.40738435
"4/3/2020",34,1,"France",67012883,0.29845008
"3/3/2020",48,1,"France",67012883,0.24771356
"2/3/2020",30,0,"France",67012883,0.17608554
"1/3/2020",43,0,"France",67012883,0.13281028
"29/02/2020",19,0,"France",67012883,0.06864352
"28/02/2020",21,0,"France",67012883,0.04029076
"27/02/2020",3,1,"France",67012883,0.0089535
"26/02/2020",2,0,"France",67012883,0.00447675
"25/02/2020",0,0,"France",67012883,0.00149225
"24/02/2020",0,0,"France",67012883,0.00149225
"23/02/2020",0,0,"France",67012883,0.00149225
"22/02/2020",0,0,"France",67012883,0.00149225
"21/02/2020",0,0,"France",67012883,0.0089535
"20/02/2020",0,0,"France",67012883,0.0089535
"19/02/2020",0,0,"France",67012883,0.0089535
"18/02/2020",0,0,"France",67012883,0.0089535
"17/02/2020",1,0,"France",67012883,0.0089535
"16/02/2020",0,0,"France",67012883,0.00746125
"15/02/2020",0,1,"France",67012883,0.00746125
"14/02/2020",0,0,"France",67012883,0.00746125
"13/02/2020",0,0,"France",67012883,0.0089535
"12/2/2020",0,0,"France",67012883,0.01044575
"11/2/2020",0,0,"France",67012883,0.011938
"10/2/2020",0,0,"France",67012883,0.011938
"9/2/2020",0,0,"France",67012883,0.011938
"8/2/2020",5,0,"France",67012883,0.011938
"7/2/2020",0,0,"France",67012883,0.0089535
"6/2/2020",0,0,"France",67012883,0.0089535
"5/2/2020",0,0,"France",67012883,0.0089535
"4/2/2020",0,0,"France",67012883,0.0089535
"3/2/2020",0,0,"France",67012883,0.0089535
"2/2/2020",0,0,"France",67012883,0.0089535
"1/2/2020",0,0,"France",67012883,0.0089535
"31/01/2020",1,0,"France",67012883,0.0089535
"30/01/2020",1,0,"France",67012883,0.00746125
"29/01/2020",1,0,"France",67012883,0.005969
"28/01/2020",0,0,"France",67012883,0.00447675
"27/01/2020",0,0,"France",67012883,0.00447675
"26/01/2020",0,0,"France",67012883,0.00447675
"25/01/2020",3,0,"France",67012883,0.00447675
"24/01/2020",0,0,"France",67012883,0
"23/01/2020",0,0,"France",67012883,0
"22/01/2020",0,0,"France",67012883,0
"21/01/2020",0,0,"France",67012883,0
"20/01/2020",0,0,"France",67012883,0
"19/01/2020",0,0,"France",67012883,0
"18/01/2020",0,0,"France",67012883,0
"17/01/2020",0,0,"France",67012883,0
"16/01/2020",0,0,"France",67012883,0
"15/01/2020",0,0,"France",67012883,0
"14/01/2020",0,0,"France",67012883,0
"13/01/2020",0,0,"France",67012883,0
"12/1/2020",0,0,"France",67012883,NA
"11/1/2020",0,0,"France",67012883,NA
"10/1/2020",0,0,"France",67012883,NA
"9/1/2020",0,0,"France",67012883,NA
"8/1/2020",0,0,"France",67012883,NA
"7/1/2020",0,0,"France",67012883,NA
"6/1/2020",0,0,"France",67012883,NA
"5/1/2020",0,0,"France",67012883,NA
"4/1/2020",0,0,"France",67012883,NA
"3/1/2020",0,0,"France",67012883,NA
"2/1/2020",0,0,"France",67012883,NA
"1/1/2020",0,0,"France",67012883,NA
"31/12/2019",0,0,"France",67012883,NA
"7/12/2020",12332,147,"Germany",83019213,306.5808393
"6/12/2020",17767,255,"Germany",83019213,304.8125739
"5/12/2020",23318,483,"Germany",83019213,302.372175
"4/12/2020",23448,432,"Germany",83019213,301.9457677
"3/12/2020",22046,479,"Germany",83019213,302.1866758
"2/12/2020",17270,487,"Germany",83019213,302.864832
"1/12/2020",13604,388,"Germany",83019213,303.2153533
"30/11/2020",11169,125,"Germany",83019213,304.1970538
"29/11/2020",14611,158,"Germany",83019213,303.7814873
"28/11/2020",21695,379,"Germany",83019213,306.5952938
"27/11/2020",22806,426,"Germany",83019213,307.5179718
"26/11/2020",22268,389,"Germany",83019213,308.4045135
"25/11/2020",18633,410,"Germany",83019213,307.9202883
"24/11/2020",13554,249,"Germany",83019213,307.7444254
"23/11/2020",10864,90,"Germany",83019213,309.8860983
"22/11/2020",15741,138,"Germany",83019213,312.8962449
"21/11/2020",22964,254,"Germany",83019213,313.228698
"20/11/2020",23648,260,"Germany",83019213,313.7526731
"19/11/2020",22609,251,"Germany",83019213,311.1725475
"18/11/2020",17561,305,"Germany",83019213,308.0178561
"17/11/2020",14419,267,"Germany",83019213,307.5998805
"16/11/2020",10824,62,"Germany",83019213,308.7237168
"15/11/2020",16947,107,"Germany",83019213,310.2570968
"14/11/2020",22461,178,"Germany",83019213,306.9205197
"13/11/2020",23542,218,"Germany",83019213,302.8226731
"12/11/2020",21866,215,"Germany",83019213,296.967402
"11/11/2020",18487,261,"Germany",83019213,290.833882
"10/11/2020",15332,154,"Germany",83019213,286.590286
"9/11/2020",13363,63,"Germany",83019213,281.8648739
"8/11/2020",16017,63,"Germany",83019213,276.2300336
"7/11/2020",23399,130,"Germany",83019213,270.3988533
"6/11/2020",21506,166,"Germany",83019213,259.9374196
"5/11/2020",19990,118,"Germany",83019213,247.5740164
"4/11/2020",17214,151,"Germany",83019213,237.0909009
"3/11/2020",15352,131,"Germany",83019213,225.5044263
"2/11/2020",12097,49,"Germany",83019213,215.2851052
"1/11/2020",14177,29,"Germany",83019213,205.9234168
"31/10/2020",19059,103,"Germany",83019213,195.5764143
"30/10/2020",18681,77,"Germany",83019213,182.0506297
"29/10/2020",16774,89,"Germany",83019213,168.3827092
"28/10/2020",14964,85,"Germany",83019213,156.1734872
"27/10/2020",11409,42,"Germany",83019213,144.3304455
"26/10/2020",8685,24,"Germany",83019213,135.5529593
"25/10/2020",11176,29,"Germany",83019213,128.0631268
"24/10/2020",14714,49,"Germany",83019213,118.7965971
"23/10/2020",11242,49,"Germany",83019213,106.7596244
"22/10/2020",11287,30,"Germany",83019213,98.65788537
"21/10/2020",7595,39,"Germany",83019213,89.95026248
"20/10/2020",6868,47,"Germany",83019213,84.20821816
"19/10/2020",4325,12,"Germany",83019213,79.11421661
"18/10/2020",5587,10,"Germany",83019213,75.56925407
"17/10/2020",7830,33,"Germany",83019213,71.58463427
"16/10/2020",7334,24,"Germany",83019213,65.24031973
"15/10/2020",6638,33,"Germany",83019213,59.6259567
"14/10/2020",5132,43,"Germany",83019213,54.64518195
"13/10/2020",4122,13,"Germany",83019213,50.6292441
"12/10/2020",2467,6,"Germany",83019213,48.18041337
"11/10/2020",3483,11,"Germany",83019213,46.6446243
"10/10/2020",4721,15,"Germany",83019213,44.14761195
"9/10/2020",4516,11,"Germany",83019213,41.4807594
"8/10/2020",4058,16,"Germany",83019213,38.63443032
"7/10/2020",2828,16,"Germany",83019213,36.32773536
"6/10/2020",2639,12,"Germany",83019213,35.05212703
"5/10/2020",1382,5,"Germany",83019213,34.06681294
"4/10/2020",2279,2,"Germany",83019213,33.51272434
"3/10/2020",2563,19,"Germany",83019213,32.38768356
"2/10/2020",2673,8,"Germany",83019213,32.0672758
"1/10/2020",2503,12,"Germany",83019213,31.15543868
"30/09/2020",1798,17,"Germany",83019213,30.78323568
"29/09/2020",2089,11,"Germany",83019213,30.90730335
"28/09/2020",1192,3,"Germany",83019213,30.08580676
"27/09/2020",1410,5,"Germany",83019213,29.76660355
"26/09/2020",2507,9,"Germany",83019213,29.21010586
"25/09/2020",2153,15,"Germany",83019213,28.15372389
"24/09/2020",2143,19,"Germany",83019213,27.34788633
"23/09/2020",1769,13,"Germany",83019213,27.04554667
"22/09/2020",1821,10,"Germany",83019213,26.33125419
"21/09/2020",922,0,"Germany",83019213,25.94339216
"20/09/2020",1345,2,"Germany",83019213,25.8133018
"19/09/2020",2297,6,"Germany",83019213,25.38328086
"18/09/2020",1916,7,"Germany",83019213,24.27630818
"17/09/2020",2194,3,"Germany",83019213,23.71860596
"16/09/2020",1901,6,"Germany",83019213,22.65499674
"15/09/2020",1407,12,"Germany",83019213,21.87806815
"14/09/2020",927,1,"Germany",83019213,21.65041001
"13/09/2020",948,2,"Germany",83019213,21.26857069
"12/9/2020",1630,5,"Germany",83019213,21.07223059
"11/9/2020",1484,1,"Germany",83019213,20.89034499
"10/9/2020",1892,3,"Germany",83019213,20.99514
"9/9/2020",1176,9,"Germany",83019213,20.53139193
"8/9/2020",1499,4,"Germany",83019213,21.01320811
"7/9/2020",814,0,"Germany",83019213,20.74700467
"6/9/2020",988,1,"Germany",83019213,20.62293701
"5/9/2020",1378,2,"Germany",83019213,20.37480167
"4/9/2020",1453,1,"Germany",83019213,21.16498021
"3/9/2020",1311,8,"Germany",83019213,21.13366216
"2/9/2020",1256,11,"Germany",83019213,21.61066017
"1/9/2020",1218,4,"Germany",83019213,21.91661345
"31/08/2020",610,3,"Germany",83019213,22.1237944
"30/08/2020",785,6,"Germany",83019213,22.06477192
"29/08/2020",1479,1,"Germany",83019213,21.87204545
"28/08/2020",1571,3,"Germany",83019213,21.79495486
"27/08/2020",1507,5,"Germany",83019213,21.64800093
"26/08/2020",1576,3,"Germany",83019213,21.57331942
"25/08/2020",1278,5,"Germany",83019213,21.15173026
"24/08/2020",711,3,"Germany",83019213,20.77591364
"23/08/2020",782,2,"Germany",83019213,20.44466502
"22/08/2020",2034,7,"Germany",83019213,20.17123434
"21/08/2020",1427,7,"Germany",83019213,19.07269345
"20/08/2020",1707,10,"Germany",83019213,18.73542212
"19/08/2020",1510,7,"Germany",83019213,17.93801635
"18/08/2020",1390,4,"Germany",83019213,17.01172474
"17/08/2020",561,1,"Germany",83019213,16.39620457
"16/08/2020",625,0,"Germany",83019213,16.33356847
"15/08/2020",1415,6,"Germany",83019213,15.8698204
"14/08/2020",1449,14,"Germany",83019213,15.31573179
"13/08/2020",1445,4,"Germany",83019213,14.61830287
"12/8/2020",1226,6,"Germany",83019213,13.96423741
"11/8/2020",966,4,"Germany",83019213,13.31137649
"10/8/2020",436,1,"Germany",83019213,12.91026452
"9/8/2020",555,1,"Germany",83019213,12.79462864
"8/8/2020",1122,12,"Germany",83019213,12.49349352
"7/8/2020",1147,8,"Germany",83019213,12.08274523
"6/8/2020",1045,7,"Germany",83019213,11.6828378
"5/8/2020",741,12,"Germany",83019213,11.10947655
"4/8/2020",879,8,"Germany",83019213,10.76377344
"3/8/2020",509,7,"Germany",83019213,10.3337525
"2/8/2020",240,0,"Germany",83019213,10.02057198
"1/8/2020",955,0,"Germany",83019213,9.97479945
"31/07/2020",870,7,"Germany",83019213,9.46166522
"30/07/2020",902,6,"Germany",83019213,9.11596211
"29/07/2020",684,6,"Germany",83019213,8.67269122
"28/07/2020",633,4,"Germany",83019213,8.27157925
"27/07/2020",340,0,"Germany",83019213,8.00537582
"26/07/2020",305,0,"Germany",83019213,7.78735399
"25/07/2020",781,7,"Germany",83019213,7.71869519
"24/07/2020",815,10,"Germany",83019213,7.23326539
"23/07/2020",569,6,"Germany",83019213,6.7273584
"22/07/2020",454,5,"Germany",83019213,6.57438176
"21/07/2020",522,4,"Germany",83019213,6.50572296
"20/07/2020",249,2,"Germany",83019213,6.34672362
"19/07/2020",202,1,"Germany",83019213,6.31058741
"18/07/2020",529,1,"Germany",83019213,6.3551554
"17/07/2020",583,4,"Germany",83019213,6.22626957
"16/07/2020",534,7,"Germany",83019213,6.06124753
"15/07/2020",351,3,"Germany",83019213,6.02390678
"14/07/2020",412,4,"Germany",83019213,6.16242893
"13/07/2020",159,1,"Germany",83019213,6.26601941
"12/7/2020",248,3,"Germany",83019213,6.39008708
"11/7/2020",378,6,"Germany",83019213,6.3997234
"10/7/2020",395,6,"Germany",83019213,6.7719264
"9/7/2020",442,12,"Germany",83019213,6.87069871
"8/7/2020",397,12,"Germany",83019213,7.09715232
"7/7/2020",390,8,"Germany",83019213,7.326015
"6/7/2020",219,4,"Germany",83019213,7.46212807
"5/7/2020",239,2,"Germany",83019213,7.84517194
"4/7/2020",422,7,"Germany",83019213,8.38480606
"3/7/2020",446,9,"Germany",83019213,8.6004188
"2/7/2020",503,9,"Germany",83019213,8.9906899
"1/7/2020",466,12,"Germany",83019213,9.08343952
"30/06/2020",498,12,"Germany",83019213,8.93769012
"29/06/2020",262,4,"Germany",83019213,8.79314527
"28/06/2020",256,3,"Germany",83019213,8.70882744
"27/06/2020",687,6,"Germany",83019213,8.69798657
"26/06/2020",477,21,"Germany",83019213,8.28964736
"25/06/2020",630,13,"Germany",83019213,8.025853
"24/06/2020",587,19,"Germany",83019213,7.93551247
"23/06/2020",503,10,"Germany",83019213,7.61149109
"22/06/2020",537,3,"Germany",83019213,7.4271964
"21/06/2020",687,0,"Germany",83019213,7.03812984
"20/06/2020",601,10,"Germany",83019213,6.57317722
"19/06/2020",770,16,"Germany",83019213,6.33949638
"18/06/2020",580,26,"Germany",83019213,6.02270224
"17/06/2020",345,30,"Germany",83019213,5.79865772
"16/06/2020",378,9,"Germany",83019213,5.79504409
"15/06/2020",192,4,"Germany",83019213,5.59629492
"14/06/2020",247,6,"Germany",83019213,5.76613512
"13/06/2020",348,18,"Germany",83019213,5.8131122
"12/6/2020",258,8,"Germany",83019213,6.28288298
"11/6/2020",555,26,"Germany",83019213,6.86467601
"10/6/2020",318,18,"Germany",83019213,6.62135884
"9/6/2020",350,37,"Germany",83019213,6.67435862
"8/6/2020",214,6,"Germany",83019213,6.77313094
"7/6/2020",301,22,"Germany",83019213,6.86347147
"6/6/2020",407,33,"Germany",83019213,7.02006173
"5/6/2020",507,32,"Germany",83019213,7.29831057
"4/6/2020",394,30,"Germany",83019213,7.24169717
"3/6/2020",342,29,"Germany",83019213,7.66449087
"2/6/2020",213,11,"Germany",83019213,8.21255677
"1/6/2020",333,11,"Germany",83019213,8.57391891
"31/05/2020",286,11,"Germany",83019213,8.58475977
"30/05/2020",738,39,"Germany",83019213,8.94250828
"29/05/2020",741,39,"Germany",83019213,8.80037251
"28/05/2020",353,62,"Germany",83019213,9.00755347
"27/05/2020",362,47,"Germany",83019213,9.70618693
"26/05/2020",432,45,"Germany",83019213,10.23136656
"25/05/2020",289,10,"Germany",83019213,10.83484133
"24/05/2020",431,31,"Germany",83019213,10.91675008
"23/05/2020",638,42,"Germany",83019213,11.20102162
"22/05/2020",460,27,"Germany",83019213,11.93940492
"21/05/2020",745,57,"Germany",83019213,12.84160571
"20/05/2020",797,83,"Germany",83019213,13.49085301
"19/05/2020",513,72,"Germany",83019213,13.67153408
"18/05/2020",342,21,"Germany",83019213,13.87871504
"17/05/2020",583,33,"Germany",83019213,14.28464517
"16/05/2020",620,57,"Germany",83019213,14.53759866
"15/05/2020",913,101,"Germany",83019213,14.92907431
"14/05/2020",933,89,"Germany",83019213,15.80357067
"13/05/2020",798,101,"Germany",83019213,16.46004522
"12/5/2020",933,116,"Germany",83019213,17.06954269
"11/5/2020",357,22,"Germany",83019213,17.32370072
"10/5/2020",667,26,"Germany",83019213,18.11990196
"9/5/2020",1251,103,"Germany",83019213,19.40876023
"8/5/2020",1209,147,"Germany",83019213,20.37721075
"7/5/2020",1284,123,"Germany",83019213,21.73593238
"6/5/2020",947,165,"Germany",83019213,23.02238158
"5/5/2020",685,139,"Germany",83019213,24.57623876
"4/5/2020",679,43,"Germany",83019213,25.90123325
"3/5/2020",793,74,"Germany",83019213,27.22140958
"2/5/2020",945,94,"Germany",83019213,29.22696942
"1/5/2020",1639,193,"Germany",83019213,32.43586518
"30/04/2020",1478,173,"Germany",83019213,34.5329701
"29/04/2020",1304,202,"Germany",83019213,36.20487224
"28/04/2020",1144,163,"Germany",83019213,37.62863905
"27/04/2020",1018,110,"Germany",83019213,38.75849799
"26/04/2020",1737,140,"Germany",83019213,40.58819493
"25/04/2020",2055,179,"Germany",83019213,41.89391677
"24/04/2020",2337,227,"Germany",83019213,44.39695182
"23/04/2020",2352,215,"Germany",83019213,47.9937096
"22/04/2020",2237,281,"Germany",83019213,51.15201465
"21/04/2020",1785,194,"Germany",83019213,53.27923309
"20/04/2020",1775,110,"Germany",83019213,55.74733646
"19/04/2020",2458,184,"Germany",83019213,58.03837239
"18/04/2020",3609,242,"Germany",83019213,62.22776407
"17/04/2020",3380,299,"Germany",83019213,65.2065926
"16/04/2020",2866,315,"Germany",83019213,68.57207861
"15/04/2020",2486,285,"Germany",83019213,72.53501668
"14/04/2020",2082,170,"Germany",83019213,76.10888819
"13/04/2020",2537,126,"Germany",83019213,79.15998915
"12/4/2020",2821,129,"Germany",83019213,81.8268417
"11/4/2020",4133,171,"Germany",83019213,83.20483597
"10/4/2020",5323,266,"Germany",83019213,85.80784788
"9/4/2020",4974,246,"Germany",83019213,86.35832286
"8/4/2020",4003,254,"Germany",83019213,86.33423205
"7/4/2020",3834,173,"Germany",83019213,84.33349037
"6/4/2020",3677,92,"Germany",83019213,85.0610328
"5/4/2020",5936,184,"Germany",83019213,84.620171
"4/4/2020",6082,141,"Germany",83019213,81.4160934
"3/4/2020",6174,145,"Germany",83019213,78.96726267
"2/4/2020",6156,140,"Germany",83019213,78.68540021
"1/4/2020",5453,149,"Germany",83019213,72.52538036
"31/03/2020",4615,128,"Germany",83019213,67.33501557
"30/03/2020",4751,66,"Germany",83019213,63.19019189
"29/03/2020",3965,64,"Germany",83019213,58.72375591
"28/03/2020",6294,72,"Germany",83019213,54.83068118
"27/03/2020",5780,55,"Germany",83019213,48.08405013
"26/03/2020",4954,49,"Germany",83019213,42.08784779
"25/03/2020",2342,23,"Germany",83019213,36.44698487
"24/03/2020",4438,32,"Germany",83019213,33.81506399
"23/03/2020",3311,27,"Germany",83019213,28.75478957
"22/03/2020",3276,22,"Germany",83019213,24.83280587
"21/03/2020",4049,2,"Germany",83019213,21.08307146
"20/03/2020",5940,30,"Germany",83019213,16.54797667
"19/03/2020",1042,0,"Germany",83019213,9.55923299
"18/03/2020",1144,0,"Germany",83019213,8.38360152
"17/03/2020",1174,1,"Germany",83019213,7.05258432
"16/03/2020",1043,4,"Germany",83019213,5.67218097
"15/03/2020",733,3,"Germany",83019213,4.43752701
"14/03/2020",693,0,"Germany",83019213,3.61964405
"13/03/2020",802,2,"Germany",83019213,2.79694292
"12/3/2020",271,1,"Germany",83019213,1.86221953
"11/3/2020",157,0,"Germany",83019213,1.54060723
"10/3/2020",237,2,"Germany",83019213,1.35390346
"9/3/2020",55,0,"Germany",83019213,1.06842738
"8/3/2020",163,0,"Germany",83019213,1.00217765
"7/3/2020",284,0,"Germany",83019213,0.80583756
"6/3/2020",138,0,"Germany",83019213,0.46374807
"5/3/2020",66,0,"Germany",83019213,0.29752149
"4/3/2020",39,0,"Germany",83019213,0.21802182
"3/3/2020",28,0,"Germany",83019213,0.17104474
"2/3/2020",18,0,"Germany",83019213,0.13731761
"1/3/2020",54,0,"Germany",83019213,0.11563588
"29/02/2020",10,0,"Germany",83019213,0.0505907
"28/02/2020",26,0,"Germany",83019213,0.03854529
"27/02/2020",4,0,"Germany",83019213,0.00722724
"26/02/2020",2,0,"Germany",83019213,0.00240908
"25/02/2020",0,0,"Germany",83019213,0.00240908
"24/02/2020",0,0,"Germany",83019213,0.00240908
"23/02/2020",0,0,"Germany",83019213,0.00240908
"22/02/2020",0,0,"Germany",83019213,0.00240908
"21/02/2020",0,0,"Germany",83019213,0.00361362
"20/02/2020",0,0,"Germany",83019213,0.00481816
"19/02/2020",0,0,"Germany",83019213,0.00481816
"18/02/2020",0,0,"Germany",83019213,0.00481816
"17/02/2020",0,0,"Germany",83019213,0.00722724
"16/02/2020",0,0,"Germany",83019213,0.00843178
"15/02/2020",0,0,"Germany",83019213,0.00963632
"14/02/2020",0,0,"Germany",83019213,0.0120454
"13/02/2020",0,0,"Germany",83019213,0.01324994
"12/2/2020",2,0,"Germany",83019213,0.01324994
"11/2/2020",0,0,"Germany",83019213,0.01445449
"10/2/2020",0,0,"Germany",83019213,0.01565903
"9/2/2020",0,0,"Germany",83019213,0.01565903
"8/2/2020",1,0,"Germany",83019213,0.01565903
"7/2/2020",1,0,"Germany",83019213,0.01445449
"6/2/2020",0,0,"Germany",83019213,0.01324994
"5/2/2020",0,0,"Germany",83019213,0.01324994
"4/2/2020",2,0,"Germany",83019213,0.01324994
"3/2/2020",1,0,"Germany",83019213,0.01084086
"2/2/2020",1,0,"Germany",83019213,0.00963632
"1/2/2020",2,0,"Germany",83019213,0.00843178
"31/01/2020",1,0,"Germany",83019213,0.0060227
"30/01/2020",0,0,"Germany",83019213,0.00481816
"29/01/2020",3,0,"Germany",83019213,0.00481816
"28/01/2020",1,0,"Germany",83019213,0.00120454
"27/01/2020",0,0,"Germany",83019213,0
"26/01/2020",0,0,"Germany",83019213,0
"25/01/2020",0,0,"Germany",83019213,0
"24/01/2020",0,0,"Germany",83019213,0
"23/01/2020",0,0,"Germany",83019213,0
"22/01/2020",0,0,"Germany",83019213,0
"21/01/2020",0,0,"Germany",83019213,0
"20/01/2020",0,0,"Germany",83019213,0
"19/01/2020",0,0,"Germany",83019213,0
"18/01/2020",0,0,"Germany",83019213,0
"17/01/2020",0,0,"Germany",83019213,0
"16/01/2020",0,0,"Germany",83019213,0
"15/01/2020",0,0,"Germany",83019213,0
"14/01/2020",0,0,"Germany",83019213,0
"13/01/2020",0,0,"Germany",83019213,0
"12/1/2020",0,0,"Germany",83019213,NA
"11/1/2020",0,0,"Germany",83019213,NA
"10/1/2020",0,0,"Germany",83019213,NA
"9/1/2020",0,0,"Germany",83019213,NA
"8/1/2020",0,0,"Germany",83019213,NA
"7/1/2020",0,0,"Germany",83019213,NA
"6/1/2020",0,0,"Germany",83019213,NA
"5/1/2020",0,0,"Germany",83019213,NA
"4/1/2020",0,0,"Germany",83019213,NA
"3/1/2020",0,0,"Germany",83019213,NA
"2/1/2020",0,0,"Germany",83019213,NA
"1/1/2020",0,0,"Germany",83019213,NA
"31/12/2019",0,0,"Germany",83019213,NA
"7/12/2020",18887,564,"Italy",60359546,530.1729738
"6/12/2020",21052,662,"Italy",60359546,545.8291552
"5/12/2020",24110,814,"Italy",60359546,568.5463572
"4/12/2020",23219,993,"Italy",60359546,590.2976805
"3/12/2020",20709,684,"Italy",60359546,611.7640448
"2/12/2020",19347,785,"Italy",60359546,634.2476466
"1/12/2020",16376,672,"Italy",60359546,655.5267994
"30/11/2020",20646,541,"Italy",60359546,673.7111641
"29/11/2020",26315,686,"Italy",60359546,695.7971486
"28/11/2020",28342,827,"Italy",60359546,713.9119304
"27/11/2020",29001,822,"Italy",60359546,734.7205693
"26/11/2020",25852,722,"Italy",60359546,749.5914565
"25/11/2020",23227,853,"Italy",60359546,761.3692124
"24/11/2020",22927,630,"Italy",60359546,781.0231045
"23/11/2020",28337,562,"Italy",60359546,784.9031867
"22/11/2020",34764,692,"Italy",60359546,791.9890584
"21/11/2020",37239,699,"Italy",60359546,800.3473055
"20/11/2020",36176,653,"Italy",60359546,801.2800494
"19/11/2020",34280,753,"Italy",60359546,798.5066687
"18/11/2020",32191,731,"Italy",60359546,792.3237196
"17/11/2020",27352,504,"Italy",60359546,785.7796015
"16/11/2020",33977,546,"Italy",60359546,777.3318905
"15/11/2020",37249,544,"Italy",60359546,770.5856502
"14/11/2020",40902,550,"Italy",60359546,761.4851841
"13/11/2020",37977,636,"Italy",60359546,745.2110392
"12/11/2020",32961,623,"Italy",60359546,726.7417154
"11/11/2020",35090,580,"Italy",60359546,713.5325372
"10/11/2020",25269,356,"Italy",60359546,691.8276026
"9/11/2020",32614,331,"Italy",60359546,678.1396268
"8/11/2020",39809,425,"Italy",60359546,659.3505524
"7/11/2020",37802,446,"Italy",60359546,625.9357882
"6/11/2020",34502,428,"Italy",60359546,595.0226995
"5/11/2020",30548,352,"Italy",60359546,564.4989444
"4/11/2020",28241,353,"Italy",60359546,539.069661
"3/11/2020",22253,233,"Italy",60359546,510.2921086
"2/11/2020",29905,208,"Italy",60359546,488.8936706
"1/11/2020",31756,297,"Italy",60359546,458.741025
"31/10/2020",31079,199,"Italy",60359546,424.2294997
"30/10/2020",26829,217,"Italy",60359546,389.3220138
"29/10/2020",24988,205,"Italy",60359546,359.4576407
"28/10/2020",21989,221,"Italy",60359546,330.206261
"27/10/2020",17007,141,"Italy",60359546,303.5476775
"26/10/2020",21273,128,"Italy",60359546,283.0239976
"25/10/2020",19640,151,"Italy",60359546,256.8193604
"24/10/2020",19143,91,"Italy",60359546,233.7641837
"23/10/2020",16078,136,"Italy",60359546,210.9492341
"22/10/2020",15199,127,"Italy",60359546,191.6979296
"21/10/2020",10871,89,"Italy",60359546,172.6089855
"20/10/2020",9337,73,"Italy",60359546,159.033668
"19/10/2020",11705,69,"Italy",60359546,147.3039575
"18/10/2020",10925,47,"Italy",60359546,132.1829028
"17/10/2020",10009,55,"Italy",60359546,118.79314
"16/10/2020",8803,83,"Italy",60359546,106.3510319
"15/10/2020",7332,43,"Italy",60359546,95.98813086
"14/10/2020",5898,41,"Italy",60359546,86.90588892
"13/10/2020",4619,39,"Italy",60359546,79.86309241
"12/10/2020",5456,26,"Italy",60359546,74.68578375
"11/10/2020",5724,29,"Italy",60359546,68.57241769
"10/10/2020",5372,28,"Italy",60359546,62.18568973
"9/10/2020",4458,22,"Italy",60359546,56.45337359
"8/10/2020",3677,31,"Italy",60359546,52.0265676
"7/10/2020",2677,28,"Italy",60359546,48.65179072
"6/10/2020",2257,16,"Italy",60359546,46.52122466
"5/10/2020",2578,18,"Italy",60359546,45.0185626
"4/10/2020",2843,27,"Italy",60359546,43.37673448
"3/10/2020",2499,23,"Italy",60359546,41.37870752
"2/10/2020",2548,24,"Italy",60359546,40.39791817
"1/10/2020",1850,19,"Italy",60359546,38.79916526
"30/09/2020",1647,24,"Italy",60359546,38.13978323
"29/09/2020",1494,16,"Italy",60359546,37.44726642
"28/09/2020",1766,17,"Italy",60359546,36.64209138
"27/09/2020",1869,17,"Italy",60359546,36.12850236
"26/09/2020",1912,20,"Italy",60359546,35.51882249
"25/09/2020",1786,23,"Italy",60359546,35.02842781
"24/09/2020",1640,20,"Italy",60359546,34.71530419
"23/09/2020",1391,14,"Italy",60359546,34.36738905
"22/09/2020",1350,17,"Italy",60359546,34.33094079
"21/09/2020",1587,15,"Italy",60359546,33.99959304
"20/09/2020",1637,24,"Italy",60359546,33.51748206
"19/09/2020",1907,10,"Italy",60359546,33.61191617
"18/09/2020",1583,13,"Italy",60359546,33.32198688
"17/09/2020",1452,12,"Italy",60359546,33.01383347
"16/09/2020",1229,9,"Italy",60359546,32.80508439
"15/09/2020",1008,14,"Italy",60359546,32.38427274
"14/09/2020",1456,7,"Italy",60359546,32.36439187
"13/09/2020",1501,6,"Italy",60359546,32.21362864
"12/9/2020",1616,10,"Italy",60359546,32.11919453
"11/9/2020",1597,10,"Italy",60359546,31.86074329
"10/9/2020",1430,14,"Italy",60359546,31.5492764
"9/9/2020",1369,10,"Italy",60359546,31.44324512
"8/9/2020",1150,12,"Italy",60359546,30.6264729
"7/9/2020",1296,7,"Italy",60359546,30.30009537
"6/9/2020",1694,16,"Italy",60359546,30.15595909
"5/9/2020",1732,11,"Italy",60359546,29.12381084
"4/9/2020",1397,10,"Italy",60359546,27.8232709
"3/9/2020",1326,6,"Italy",60359546,26.90046741
"2/9/2020",975,8,"Italy",60359546,25.76725809
"1/9/2020",996,6,"Italy",60359546,24.81629004
"31/08/2020",1365,4,"Italy",60359546,23.69633463
"30/08/2020",1444,1,"Italy",60359546,22.2251506
"29/08/2020",1460,9,"Italy",60359546,20.8749085
"28/08/2020",1409,5,"Italy",60359546,19.40703795
"27/08/2020",1366,13,"Italy",60359546,17.93751066
"26/08/2020",876,4,"Italy",60359546,16.46301316
"25/08/2020",953,4,"Italy",60359546,15.69428637
"24/08/2020",1209,7,"Italy",60359546,14.54450966
"23/08/2020",1071,3,"Italy",60359546,13.30858254
"22/08/2020",947,9,"Italy",60359546,12.10910367
"21/08/2020",840,6,"Italy",60359546,11.45469186
"20/08/2020",642,7,"Italy",60359546,10.72738354
"19/08/2020",401,5,"Italy",60359546,10.29994493
"18/08/2020",320,4,"Italy",60359546,9.95037305
"17/08/2020",477,4,"Italy",60359546,9.68363811
"16/08/2020",629,158,"Italy",60359546,9.28767754
"15/08/2020",574,3,"Italy",60359546,8.7343268
"14/08/2020",522,6,"Italy",60359546,8.41126274
"13/08/2020",476,10,"Italy",60359546,8.17931931
"12/8/2020",412,6,"Italy",60359546,7.86785242
"11/8/2020",259,4,"Italy",60359546,7.51993728
"10/8/2020",463,2,"Italy",60359546,7.36917405
"9/8/2020",347,13,"Italy",60359546,7.02291565
"8/8/2020",552,3,"Italy",60359546,6.90197372
"7/8/2020",401,6,"Italy",60359546,6.40495208
"6/8/2020",384,10,"Italy",60359546,6.2475619
"5/8/2020",190,5,"Italy",60359546,6.07526107
"4/8/2020",159,12,"Italy",60359546,5.97254327
"3/8/2020",238,8,"Italy",60359546,6.02390217
"2/8/2020",295,5,"Italy",60359546,5.99076739
"1/8/2020",379,9,"Italy",60359546,5.91455741
"31/07/2020",382,3,"Italy",60359546,5.66936007
"30/07/2020",288,6,"Italy",60359546,5.41753578
"29/07/2020",202,11,"Italy",60359546,5.20878669
"28/07/2020",168,5,"Italy",60359546,5.06299368
"27/07/2020",254,5,"Italy",60359546,5.06465042
"26/07/2020",274,5,"Italy",60359546,5.03151564
"25/07/2020",252,5,"Italy",60359546,4.88903611
"24/07/2020",306,10,"Italy",60359546,4.92879784
"23/07/2020",280,9,"Italy",60359546,4.77637787
"22/07/2020",128,15,"Italy",60359546,4.6322416
"21/07/2020",190,13,"Italy",60359546,4.64715225
"20/07/2020",218,3,"Italy",60359546,4.67697355
"19/07/2020",249,14,"Italy",60359546,4.63389834
"18/07/2020",231,11,"Italy",60359546,4.610704
"17/07/2020",230,20,"Italy",60359546,4.59745009
"16/07/2020",162,13,"Italy",60359546,4.54940466
"15/07/2020",114,17,"Italy",60359546,4.58253944
"14/07/2020",169,13,"Italy",60359546,4.62892812
"13/07/2020",234,9,"Italy",60359546,4.55768836
"12/7/2020",188,7,"Italy",60359546,4.45828403
"11/7/2020",276,12,"Italy",60359546,4.43674643
"10/7/2020",214,12,"Italy",60359546,4.40195491
"9/7/2020",193,15,"Italy",60359546,4.53780749
"8/7/2020",137,30,"Italy",60359546,5.17399518
"7/7/2020",208,8,"Italy",60359546,5.13423345
"6/7/2020",192,7,"Italy",60359546,5.15577105
"5/7/2020",235,21,"Italy",60359546,5.20878669
"4/7/2020",223,15,"Italy",60359546,5.25683212
"3/7/2020",201,30,"Italy",60359546,4.64218203
"2/7/2020",182,21,"Italy",60359546,4.85755807
"1/7/2020",142,23,"Italy",60359546,5.09944193
"30/06/2020",126,6,"Italy",60359546,5.21210017
"29/06/2020",174,22,"Italy",60359546,5.50202946
"28/06/2020",175,8,"Italy",60359546,5.77373461
"27/06/2020",255,30,"Italy",60359546,6.05703694
"26/06/2020",296,34,"Italy",60359546,5.90461698
"25/06/2020",577,-31,"Italy",60359546,6.04212629
"24/06/2020",113,18,"Italy",60359546,5.42084926
"23/06/2020",221,23,"Italy",60359546,5.70249485
"22/06/2020",224,24,"Italy",60359546,5.80024243
"21/06/2020",264,49,"Italy",60359546,5.75551049
"20/06/2020",-148,47,"Italy",60359546,5.76545092
"19/06/2020",331,66,"Italy",60359546,6.86883894
"18/06/2020",328,43,"Italy",60359546,6.61370117
"17/06/2020",210,34,"Italy",60359546,6.602104
"16/06/2020",301,26,"Italy",60359546,6.78103179
"15/06/2020",338,44,"Italy",60359546,6.57725292
"14/06/2020",346,78,"Italy",60359546,6.60541748
"13/06/2020",163,56,"Italy",60359546,6.72138919
"12/6/2020",379,53,"Italy",60359546,7.30621798
"11/6/2020",202,71,"Italy",60359546,7.66076007
"10/6/2020",283,79,"Italy",60359546,8.29363428
"9/6/2020",280,65,"Italy",60359546,8.4825025
"8/6/2020",197,53,"Italy",60359546,8.51563728
"7/6/2020",270,72,"Italy",60359546,9.06898803
"6/6/2020",518,85,"Italy",60359546,9.7300268
"5/6/2020",177,88,"Italy",60359546,9.95202979
"4/6/2020",321,71,"Italy",60359546,10.72241332
"3/6/2020",318,55,"Italy",60359546,11.29233146
"2/6/2020",178,60,"Italy",60359546,12.11241715
"1/6/2020",355,75,"Italy",60359546,12.56470683
"31/05/2020",416,111,"Italy",60359546,13.09486324
"30/05/2020",516,87,"Italy",60359546,13.85530633
"29/05/2020",593,70,"Italy",60359546,14.30759602
"28/05/2020",584,117,"Italy",60359546,14.96863479
"27/05/2020",397,78,"Italy",60359546,15.47228337
"26/05/2020",300,92,"Italy",60359546,17.13730584
"25/05/2020",531,50,"Italy",60359546,17.87289785
"24/05/2020",669,119,"Italy",60359546,18.32187406
"23/05/2020",652,130,"Italy",60359546,19.00776391
"22/05/2020",642,156,"Italy",60359546,20.12606258
"21/05/2020",665,161,"Italy",60359546,21.3835273
"20/05/2020",813,162,"Italy",60359546,22.67412681
"19/05/2020",451,99,"Italy",60359546,23.10819236
"18/05/2020",675,145,"Italy",60359546,24.38388122
"17/05/2020",875,153,"Italy",60359546,25.5667927
"16/05/2020",789,242,"Italy",60359546,27.26494994
"15/05/2020",992,262,"Italy",60359546,29.21327473
"14/05/2020",888,195,"Italy",60359546,30.67120485
"13/05/2020",1402,172,"Italy",60359546,32.6559779
"12/5/2020",744,179,"Italy",60359546,33.79747091
"11/5/2020",802,165,"Italy",60359546,35.44592598
"10/5/2020",1083,194,"Italy",60359546,37.96748239
"9/5/2020",1327,243,"Italy",60359546,40.07816759
"8/5/2020",1401,274,"Italy",60359546,42.88468306
"7/5/2020",1444,369,"Italy",60359546,44.94732283
"6/5/2020",1075,236,"Italy",60359546,48.1382017
"5/5/2020",1221,195,"Italy",60359546,50.87844763
"4/5/2020",1389,174,"Italy",60359546,52.59317225
"3/5/2020",1900,474,"Italy",60359546,55.34004514
"2/5/2020",1965,269,"Italy",60359546,57.97591652
"1/5/2020",1872,285,"Italy",60359546,60.50741336
"30/04/2020",2086,323,"Italy",60359546,63.67841137
"29/04/2020",2091,382,"Italy",60359546,64.64097659
"28/04/2020",1739,333,"Italy",60359546,66.10056345
"27/04/2020",2324,260,"Italy",60359546,68.44319207
"26/04/2020",2357,415,"Italy",60359546,71.37230621
"25/04/2020",3021,420,"Italy",60359546,75.24410472
"24/04/2020",2646,464,"Italy",60359546,76.78487177
"23/04/2020",3370,437,"Italy",60359546,79.36607078
"22/04/2020",2729,534,"Italy",60359546,80.13811105
"21/04/2020",2256,454,"Italy",60359546,80.65170006
"20/04/2020",3047,433,"Italy",60359546,82.87670023
"19/04/2020",3491,480,"Italy",60359546,84.97910173
"18/04/2020",3493,575,"Italy",60359546,87.15605648
"17/04/2020",3786,525,"Italy",60359546,88.96521521
"16/04/2020",2667,578,"Italy",60359546,90.42645881
"15/04/2020",2972,604,"Italy",60359546,93.93046131
"14/04/2020",3153,564,"Italy",60359546,95.72139592
"13/04/2020",4092,431,"Italy",60359546,97.20749059
"12/4/2020",4694,619,"Italy",60359546,99.07132171
"11/4/2020",3951,570,"Italy",60359546,101.1919473
"10/4/2020",4204,612,"Italy",60359546,104.5186788
"9/4/2020",3836,540,"Italy",60359546,107.7476627
"8/4/2020",3039,604,"Italy",60359546,110.0240217
"7/4/2020",3599,636,"Italy",60359546,113.6854144
"6/4/2020",4316,527,"Italy",60359546,115.6569335
"5/4/2020",4805,681,"Italy",60359546,117.7179166
"4/4/2020",4585,764,"Italy",60359546,120.6205229
"3/4/2020",4668,760,"Italy",60359546,122.9416139
"2/4/2020",4782,727,"Italy",60359546,124.0251211
"1/4/2020",4053,839,"Italy",60359546,123.0724963
"31/03/2020",4050,810,"Italy",60359546,122.1993949
"30/03/2020",5217,758,"Italy",60359546,122.116558
"29/03/2020",5974,887,"Italy",60359546,118.1503254
"28/03/2020",5959,971,"Italy",60359546,114.0465835
"27/03/2020",6153,660,"Italy",60359546,108.3937908
"26/03/2020",5210,685,"Italy",60359546,102.5918916
"25/03/2020",5249,743,"Italy",60359546,97.79231938
"24/03/2020",4789,601,"Italy",60359546,90.71473135
"23/03/2020",5560,649,"Italy",60359546,85.75776895
"22/03/2020",6557,795,"Italy",60359546,79.01815564
"21/03/2020",5986,625,"Italy",60359546,70.22087277
"20/03/2020",5322,429,"Italy",60359546,61.59257725
"19/03/2020",4207,473,"Italy",60359546,54.04944563
"18/03/2020",3526,347,"Italy",60359546,48.05205129
"17/03/2020",4000,347,"Italy",60359546,42.98243065
"16/03/2020",2823,370,"Italy",60359546,36.93036392
"15/03/2020",3497,173,"Italy",60359546,33.18282083
"14/03/2020",2547,252,"Italy",60359546,27.78682265
"13/03/2020",2651,189,"Italy",60359546,23.96141283
"12/3/2020",2313,196,"Italy",60359546,19.98358304
"11/3/2020",977,167,"Italy",60359546,16.28077189
"10/3/2020",1797,98,"Italy",60359546,14.81621482
"9/3/2020",1492,133,"Italy",60359546,11.99975891
"8/3/2020",1247,36,"Italy",60359546,9.61571182
"7/3/2020",778,49,"Italy",60359546,7.65247638
"6/3/2020",769,41,"Italy",60359546,6.38672796
"5/3/2020",587,27,"Italy",60359546,5.11269584
"4/3/2020",466,28,"Italy",60359546,4.14019019
"3/3/2020",347,17,"Italy",60359546,3.36814992
"2/3/2020",561,6,"Italy",60359546,2.79326157
"1/3/2020",240,8,"Italy",60359546,1.86383112
"29/02/2020",238,4,"Italy",60359546,1.46621381
"28/02/2020",250,5,"Italy",60359546,1.07190998
"27/02/2020",78,1,"Italy",60359546,0.65772529
"26/02/2020",93,5,"Italy",60359546,0.52849967
"25/02/2020",97,4,"Italy",60359546,0.37442296
"24/02/2020",53,0,"Italy",60359546,0.2137193
"23/02/2020",62,2,"Italy",60359546,0.12591215
"22/02/2020",14,0,"Italy",60359546,0.02319434
"21/02/2020",0,0,"Italy",60359546,0
"20/02/2020",0,0,"Italy",60359546,0
"19/02/2020",0,0,"Italy",60359546,0
"18/02/2020",0,0,"Italy",60359546,0
"17/02/2020",0,0,"Italy",60359546,0
"16/02/2020",0,0,"Italy",60359546,0
"15/02/2020",0,0,"Italy",60359546,0
"14/02/2020",0,0,"Italy",60359546,0
"13/02/2020",0,0,"Italy",60359546,0.00497022
"12/2/2020",0,0,"Italy",60359546,0.00497022
"11/2/2020",0,0,"Italy",60359546,0.00497022
"10/2/2020",0,0,"Italy",60359546,0.00497022
"9/2/2020",0,0,"Italy",60359546,0.00497022
"8/2/2020",0,0,"Italy",60359546,0.00497022
"7/2/2020",0,0,"Italy",60359546,0.00497022
"6/2/2020",0,0,"Italy",60359546,0.00497022
"5/2/2020",0,0,"Italy",60359546,0.00497022
"4/2/2020",0,0,"Italy",60359546,0.00497022
"3/2/2020",0,0,"Italy",60359546,0.00497022
"2/2/2020",0,0,"Italy",60359546,0.00497022
"1/2/2020",0,0,"Italy",60359546,0.00497022
"31/01/2020",3,0,"Italy",60359546,0.00497022
"30/01/2020",0,0,"Italy",60359546,0
"29/01/2020",0,0,"Italy",60359546,0
"28/01/2020",0,0,"Italy",60359546,0
"27/01/2020",0,0,"Italy",60359546,0
"26/01/2020",0,0,"Italy",60359546,0
"25/01/2020",0,0,"Italy",60359546,0
"24/01/2020",0,0,"Italy",60359546,0
"23/01/2020",0,0,"Italy",60359546,0
"22/01/2020",0,0,"Italy",60359546,0
"21/01/2020",0,0,"Italy",60359546,0
"20/01/2020",0,0,"Italy",60359546,0
"19/01/2020",0,0,"Italy",60359546,0
"18/01/2020",0,0,"Italy",60359546,0
"17/01/2020",0,0,"Italy",60359546,0
"16/01/2020",0,0,"Italy",60359546,0
"15/01/2020",0,0,"Italy",60359546,0
"14/01/2020",0,0,"Italy",60359546,0
"13/01/2020",0,0,"Italy",60359546,0
"12/1/2020",0,0,"Italy",60359546,NA
"11/1/2020",0,0,"Italy",60359546,NA
"10/1/2020",0,0,"Italy",60359546,NA
"9/1/2020",0,0,"Italy",60359546,NA
"8/1/2020",0,0,"Italy",60359546,NA
"7/1/2020",0,0,"Italy",60359546,NA
"6/1/2020",0,0,"Italy",60359546,NA
"5/1/2020",0,0,"Italy",60359546,NA
"4/1/2020",0,0,"Italy",60359546,NA
"3/1/2020",0,0,"Italy",60359546,NA
"2/1/2020",0,0,"Italy",60359546,NA
"1/1/2020",0,0,"Italy",60359546,NA
"31/12/2019",0,0,"Italy",60359546,NA
"7/12/2020",0,0,"Sweden",10230185,698.0323425
"6/12/2020",0,0,"Sweden",10230185,698.0323425
"5/12/2020",5477,20,"Sweden",10230185,698.0323425
"4/12/2020",6551,2,"Sweden",10230185,682.5096516
"3/12/2020",5814,6,"Sweden",10230185,669.2743093
"2/12/2020",3489,18,"Sweden",10230185,660.0467147
"1/12/2020",2753,25,"Sweden",10230185,648.6001964
"30/11/2020",3825,21,"Sweden",10230185,645.5601732
"29/11/2020",6463,24,"Sweden",10230185,648.1798716
"28/11/2020",6904,29,"Sweden",10230185,635.0813793
"27/11/2020",6061,37,"Sweden",10230185,631.6405813
"26/11/2020",5676,47,"Sweden",10230185,620.125638
"25/11/2020",3874,60,"Sweden",10230185,618.6691639
"24/11/2020",2422,53,"Sweden",10230185,615.4922907
"23/11/2020",4493,55,"Sweden",10230185,615.0915159
"22/11/2020",5462,48,"Sweden",10230185,605.2383217
"21/11/2020",7623,42,"Sweden",10230185,577.1058881
"20/11/2020",4963,43,"Sweden",10230185,572.4138909
"19/11/2020",4460,50,"Sweden",10230185,564.0855957
"18/11/2020",2545,39,"Sweden",10230185,554.5549763
"17/11/2020",1582,36,"Sweden",10230185,551.7691029
"16/11/2020",3514,39,"Sweden",10230185,546.6176809
"15/11/2020",6731,37,"Sweden",10230185,520.4597962
"14/11/2020",5564,32,"Sweden",10230185,497.9577593
"13/11/2020",5709,27,"Sweden",10230185,475.2895476
"12/11/2020",4498,27,"Sweden",10230185,454.9282344
"11/11/2020",3725,35,"Sweden",10230185,428.9560746
"10/11/2020",2097,35,"Sweden",10230185,413.4822586
"9/11/2020",4452,22,"Sweden",10230185,384.4016506
"8/11/2020",4454,26,"Sweden",10230185,359.1235154
"7/11/2020",4745,25,"Sweden",10230185,329.0263079
"6/11/2020",4483,22,"Sweden",10230185,300.5517496
"5/11/2020",3608,21,"Sweden",10230185,277.8933128
"4/11/2020",1570,19,"Sweden",10230185,270.0830923
"3/11/2020",1297,20,"Sweden",10230185,260.5426979
"2/11/2020",2987,22,"Sweden",10230185,238.148186
"1/11/2020",4055,13,"Sweden",10230185,210.0353024
"31/10/2020",3262,9,"Sweden",10230185,186.9663159
"30/10/2020",3390,9,"Sweden",10230185,163.2912797
"29/10/2020",2415,9,"Sweden",10230185,148.6385632
"28/10/2020",1068,9,"Sweden",10230185,144.4255407
"27/10/2020",514,11,"Sweden",10230185,140.9749677
"26/10/2020",1477,8,"Sweden",10230185,131.5127732
"25/10/2020",1868,8,"Sweden",10230185,120.9069044
"24/10/2020",1666,7,"Sweden",10230185,112.7741092
"23/10/2020",1570,9,"Sweden",10230185,105.5503884
"22/10/2020",1290,3,"Sweden",10230185,100.6237913
"21/10/2020",771,4,"Sweden",10230185,96.74311853
"20/10/2020",321,4,"Sweden",10230185,95.13024447
"19/10/2020",696,1,"Sweden",10230185,92.83312081
"18/10/2020",1179,4,"Sweden",10230185,88.26819847
"17/10/2020",902,2,"Sweden",10230185,85.63872501
"16/10/2020",968,3,"Sweden",10230185,82.9115016
"15/10/2020",916,2,"Sweden",10230185,79.94967833
"14/10/2020",637,1,"Sweden",10230185,77.41795481
"13/10/2020",161,3,"Sweden",10230185,77.47660477
"12/10/2020",509,2,"Sweden",10230185,75.67800582
"11/10/2020",783,5,"Sweden",10230185,74.1824317
"10/10/2020",834,5,"Sweden",10230185,71.30858337
"9/10/2020",831,1,"Sweden",10230185,68.59113496
"8/10/2020",786,3,"Sweden",10230185,65.18943695
"7/10/2020",374,4,"Sweden",10230185,64.13373756
"6/10/2020",156,2,"Sweden",10230185,63.90891269
"5/10/2020",461,3,"Sweden",10230185,62.12986373
"4/10/2020",712,3,"Sweden",10230185,59.4417403
"3/10/2020",633,3,"Sweden",10230185,57.05664169
"2/10/2020",689,1,"Sweden",10230185,53.54741874
"1/10/2020",613,4,"Sweden",10230185,50.40964557
"30/09/2020",378,2,"Sweden",10230185,48.86519647
"29/09/2020",167,1,"Sweden",10230185,48.26892182
"28/09/2020",325,1,"Sweden",10230185,47.1056975
"27/09/2020",630,2,"Sweden",10230185,43.79197444
"26/09/2020",540,4,"Sweden",10230185,40.99632607
"25/09/2020",553,1,"Sweden",10230185,38.66010243
"24/09/2020",438,0,"Sweden",10230185,36.68555358
"23/09/2020",266,1,"Sweden",10230185,35.89377905
"22/09/2020",133,2,"Sweden",10230185,35.24862942
"21/09/2020",279,4,"Sweden",10230185,34.19293004
"20/09/2020",437,1,"Sweden",10230185,32.48230604
"19/09/2020",389,1,"Sweden",10230185,31.47548163
"18/09/2020",330,1,"Sweden",10230185,30.33180729
"17/09/2020",292,2,"Sweden",10230185,29.14903298
"16/09/2020",220,1,"Sweden",10230185,28.58208332
"15/09/2020",106,2,"Sweden",10230185,28.01513365
"14/09/2020",206,2,"Sweden",10230185,27.28200907
"13/09/2020",291,1,"Sweden",10230185,26.18720971
"12/9/2020",254,4,"Sweden",10230185,25.67891001
"11/9/2020",314,2,"Sweden",10230185,24.99466041
"10/9/2020",236,2,"Sweden",10230185,24.85781049
"9/9/2020",185,1,"Sweden",10230185,24.75028555
"8/9/2020",67,1,"Sweden",10230185,24.65253561
"7/9/2020",171,3,"Sweden",10230185,24.54501067
"6/9/2020",262,0,"Sweden",10230185,24.89691047
"5/9/2020",286,0,"Sweden",10230185,25.3563352
"4/9/2020",213,2,"Sweden",10230185,26.70528441
"3/9/2020",171,2,"Sweden",10230185,28.10310859
"2/9/2020",162,3,"Sweden",10230185,28.22040853
"1/9/2020",48,2,"Sweden",10230185,28.36703344
"31/08/2020",131,3,"Sweden",10230185,29.2956579
"30/08/2020",179,1,"Sweden",10230185,30.90853196
"29/08/2020",202,1,"Sweden",10230185,32.48230604
"28/08/2020",244,1,"Sweden",10230185,34.4275299
"27/08/2020",222,2,"Sweden",10230185,36.33365379
"26/08/2020",174,1,"Sweden",10230185,36.54870366
"25/08/2020",57,1,"Sweden",10230185,36.70510357
"24/08/2020",160,3,"Sweden",10230185,37.682603
"23/08/2020",298,1,"Sweden",10230185,38.48415253
"22/08/2020",333,5,"Sweden",10230185,38.92402728
"21/08/2020",351,2,"Sweden",10230185,39.64737686
"20/08/2020",314,1,"Sweden",10230185,39.83310175
"19/08/2020",174,4,"Sweden",10230185,39.7451268
"18/08/2020",63,3,"Sweden",10230185,39.50075194
"17/08/2020",226,0,"Sweden",10230185,40.2534265
"16/08/2020",344,1,"Sweden",10230185,39.41277699
"15/08/2020",363,1,"Sweden",10230185,38.81650234
"14/08/2020",443,5,"Sweden",10230185,37.42845315
"13/08/2020",417,3,"Sweden",10230185,36.11860392
"12/8/2020",196,4,"Sweden",10230185,34.89672963
"11/8/2020",73,2,"Sweden",10230185,34.59370481
"10/8/2020",260,4,"Sweden",10230185,33.4011555
"9/8/2020",380,1,"Sweden",10230185,32.24770618
"8/8/2020",378,2,"Sweden",10230185,30.70325708
"7/8/2020",425,4,"Sweden",10230185,29.45205781
"6/8/2020",333,1,"Sweden",10230185,28.40613342
"5/8/2020",165,2,"Sweden",10230185,28.07378361
"4/8/2020",38,4,"Sweden",10230185,28.7775832
"3/8/2020",303,3,"Sweden",10230185,27.68278384
"2/8/2020",258,2,"Sweden",10230185,27.93693369
"1/8/2020",302,2,"Sweden",10230185,27.60458389
"31/07/2020",301,0,"Sweden",10230185,27.46773397
"30/07/2020",283,1,"Sweden",10230185,27.7512088
"29/07/2020",71,4,"Sweden",10230185,28.71893324
"28/07/2020",42,6,"Sweden",10230185,29.34453287
"27/07/2020",138,2,"Sweden",10230185,31.0062819
"26/07/2020",262,1,"Sweden",10230185,32.05220629
"25/07/2020",220,3,"Sweden",10230185,33.16655564
"24/07/2020",297,5,"Sweden",10230185,35.47345429
"23/07/2020",226,6,"Sweden",10230185,35.981754
"22/07/2020",131,7,"Sweden",10230185,37.15475331
"21/07/2020",110,6,"Sweden",10230185,39.15862714
"20/07/2020",191,7,"Sweden",10230185,40.84970115
"19/07/2020",284,11,"Sweden",10230185,44.85744881
"18/07/2020",268,7,"Sweden",10230185,48.95317142
"17/07/2020",287,6,"Sweden",10230185,52.83384416
"16/07/2020",312,6,"Sweden",10230185,57.64314135
"15/07/2020",170,8,"Sweden",10230185,63.08781317
"14/07/2020",106,12,"Sweden",10230185,66.10828641
"13/07/2020",308,8,"Sweden",10230185,70.47770886
"12/7/2020",369,10,"Sweden",10230185,78.63982909
"11/7/2020",334,14,"Sweden",10230185,87.8771987
"10/7/2020",533,15,"Sweden",10230185,99.26506705
"9/7/2020",278,11,"Sweden",10230185,109.3430862
"8/7/2020",251,12,"Sweden",10230185,114.709558
"7/7/2020",315,15,"Sweden",10230185,114.768208
"6/7/2020",364,9,"Sweden",10230185,118.0330561
"5/7/2020",694,15,"Sweden",10230185,123.0671782
"4/7/2020",687,8,"Sweden",10230185,130.9555986
"3/7/2020",684,15,"Sweden",10230185,138.5116691
"2/7/2020",804,15,"Sweden",10230185,142.4705418
"1/7/2020",727,20,"Sweden",10230185,142.0599921
"30/06/2020",415,16,"Sweden",10230185,142.0893171
"29/06/2020",755,23,"Sweden",10230185,144.7969905
"28/06/2020",1204,14,"Sweden",10230185,146.0188648
"27/06/2020",1279,11,"Sweden",10230185,146.1557147
"26/06/2020",1698,23,"Sweden",10230185,143.6044412
"25/06/2020",1309,22,"Sweden",10230185,139.9681433
"24/06/2020",800,25,"Sweden",10230185,138.765819
"23/06/2020",321,20,"Sweden",10230185,140.1440932
"22/06/2020",698,22,"Sweden",10230185,140.9456427
"21/06/2020",1209,29,"Sweden",10230185,140.3298181
"20/06/2020",1494,30,"Sweden",10230185,135.8821957
"19/06/2020",1457,29,"Sweden",10230185,131.864673
"18/06/2020",1209,32,"Sweden",10230185,128.8441998
"17/06/2020",685,28,"Sweden",10230185,128.482525
"16/06/2020",418,30,"Sweden",10230185,126.9869509
"15/06/2020",1032,27,"Sweden",10230185,121.1219543
"14/06/2020",1329,33,"Sweden",10230185,115.6870575
"13/06/2020",1293,29,"Sweden",10230185,110.6138354
"12/6/2020",1437,35,"Sweden",10230185,104.3871641
"11/6/2020",937,40,"Sweden",10230185,102.5201402
"10/6/2020",677,33,"Sweden",10230185,100.7019912
"9/6/2020",462,38,"Sweden",10230185,98.23869265
"8/6/2020",780,33,"Sweden",10230185,94.5535198
"7/6/2020",1146,29,"Sweden",10230185,88.55167331
"6/6/2020",1039,37,"Sweden",10230185,84.35820076
"5/6/2020",1046,43,"Sweden",10230185,82.03175211
"4/6/2020",900,28,"Sweden",10230185,79.74440345
"3/6/2020",648,36,"Sweden",10230185,77.61345469
"2/6/2020",265,39,"Sweden",10230185,77.55480473
"1/6/2020",432,46,"Sweden",10230185,76.83145515
"31/05/2020",773,39,"Sweden",10230185,76.00058063
"30/05/2020",774,41,"Sweden",10230185,74.8569063
"29/05/2020",800,40,"Sweden",10230185,73.85985688
"28/05/2020",746,38,"Sweden",10230185,73.93805684
"27/05/2020",491,28,"Sweden",10230185,73.58615704
"26/05/2020",210,42,"Sweden",10230185,74.26063165
"25/05/2020",403,44,"Sweden",10230185,75.29678105
"24/05/2020",532,55,"Sweden",10230185,76.93898009
"23/05/2020",610,56,"Sweden",10230185,78.63982909
"22/05/2020",808,53,"Sweden",10230185,78.02400445
"21/05/2020",666,52,"Sweden",10230185,77.9360295
"20/05/2020",430,41,"Sweden",10230185,78.39545424
"19/05/2020",259,59,"Sweden",10230185,78.41500423
"18/05/2020",358,53,"Sweden",10230185,77.83827956
"17/05/2020",688,48,"Sweden",10230185,76.31338045
"16/05/2020",657,58,"Sweden",10230185,76.10810557
"15/05/2020",698,46,"Sweden",10230185,77.085605
"14/05/2020",754,50,"Sweden",10230185,76.96830507
"13/05/2020",455,61,"Sweden",10230185,78.02400445
"12/5/2020",279,65,"Sweden",10230185,78.22927933
"11/5/2020",509,73,"Sweden",10230185,77.87737954
"10/5/2020",700,68,"Sweden",10230185,78.65937908
"9/5/2020",784,60,"Sweden",10230185,78.40522923
"8/5/2020",745,80,"Sweden",10230185,78.18040436
"7/5/2020",657,73,"Sweden",10230185,78.66915408
"6/5/2020",477,72,"Sweden",10230185,78.51275417
"5/5/2020",261,84,"Sweden",10230185,79.75417844
"4/5/2020",299,75,"Sweden",10230185,82.03175211
"3/5/2020",532,73,"Sweden",10230185,83.55665122
"2/5/2020",636,78,"Sweden",10230185,83.4295763
"1/5/2020",798,78,"Sweden",10230185,81.5332274
"30/04/2020",742,83,"Sweden",10230185,78.96240391
"29/04/2020",563,83,"Sweden",10230185,77.73075462
"28/04/2020",300,74,"Sweden",10230185,79.33385369
"27/04/2020",473,74,"Sweden",10230185,78.57140413
"26/04/2020",780,73,"Sweden",10230185,75.38475599
"25/04/2020",758,89,"Sweden",10230185,74.28018164
"24/04/2020",722,86,"Sweden",10230185,73.61548203
"23/04/2020",707,77,"Sweden",10230185,73.91850685
"22/04/2020",461,62,"Sweden",10230185,73.21470726
"21/04/2020",388,85,"Sweden",10230185,72.74550753
"20/04/2020",532,87,"Sweden",10230185,71.03488353
"19/04/2020",688,86,"Sweden",10230185,70.18445903
"18/04/2020",623,83,"Sweden",10230185,69.50998442
"17/04/2020",604,111,"Sweden",10230185,68.3565351
"16/04/2020",479,115,"Sweden",10230185,68.31743512
"15/04/2020",437,92,"Sweden",10230185,68.11216024
"14/04/2020",464,84,"Sweden",10230185,66.31356129
"13/04/2020",395,97,"Sweden",10230185,65.38493683
"12/4/2020",454,102,"Sweden",10230185,64.51496234
"11/4/2020",645,90,"Sweden",10230185,61.00573939
"10/4/2020",654,86,"Sweden",10230185,57.68224133
"9/4/2020",738,115,"Sweden",10230185,52.71654423
"8/4/2020",389,84,"Sweden",10230185,50.69312041
"7/4/2020",340,90,"Sweden",10230185,48.52307167
"6/4/2020",357,85,"Sweden",10230185,46.36279794
"5/4/2020",601,70,"Sweden",10230185,42.24752534
"4/4/2020",554,80,"Sweden",10230185,38.23000268
"3/4/2020",486,70,"Sweden",10230185,34.89672963
"2/4/2020",475,53,"Sweden",10230185,31.41683166
"1/4/2020",416,48,"Sweden",10230185,28.16175856
"31/03/2020",280,45,"Sweden",10230185,26.09923476
"30/03/2020",300,38,"Sweden",10230185,23.86076107
"29/03/2020",365,35,"Sweden",10230185,21.77868729
"28/03/2020",286,32,"Sweden",10230185,20.45906306
"27/03/2020",314,31,"Sweden",10230185,19.30561373
"26/03/2020",230,22,"Sweden",10230185,18.01531448
"25/03/2020",182,21,"Sweden",10230185,17.22353995
"24/03/2020",118,11,"Sweden",10230185,16.51974036
"23/03/2020",136,11,"Sweden",10230185,15.51291594
"22/03/2020",180,8,"Sweden",10230185,14.33014163
"21/03/2020",143,9,"Sweden",10230185,13.17669231
"20/03/2020",145,7,"Sweden",10230185,12.05256796
"19/03/2020",119,6,"Sweden",10230185,11.01641857
"18/03/2020",83,1,"Sweden",10230185,10.25396901
"17/03/2020",69,2,"Sweden",10230185,9.57949441
"16/03/2020",71,2,"Sweden",10230185,8.9147948
"15/03/2020",152,1,"Sweden",10230185,7.50719562
"14/03/2020",151,1,"Sweden",10230185,6.04094647
"13/03/2020",196,0,"Sweden",10230185,4.13482259
"12/3/2020",98,2,"Sweden",10230185,3.17687315
"11/3/2020",101,0,"Sweden",10230185,2.18959872
"10/3/2020",46,0,"Sweden",10230185,1.73994898
"9/3/2020",33,0,"Sweden",10230185,1.41737417
"8/3/2020",59,0,"Sweden",10230185,0.84064951
"7/3/2020",25,0,"Sweden",10230185,0.59627465
"6/3/2020",30,0,"Sweden",10230185,0.30302482
"5/3/2020",13,0,"Sweden",10230185,0.1759499
"4/3/2020",5,0,"Sweden",10230185,0.12707493
"3/3/2020",0,0,"Sweden",10230185,0.00977499
"2/3/2020",3,0,"Sweden",10230185,0.09774994
"1/3/2020",8,0,"Sweden",10230185,0.01954999
"29/02/2020",1,0,"Sweden",10230185,0.00977499
"28/02/2020",1,0,"Sweden",10230185,0
"27/02/2020",0,0,"Sweden",10230185,0
"26/02/2020",0,0,"Sweden",10230185,0
"25/02/2020",0,0,"Sweden",10230185,0
"24/02/2020",0,0,"Sweden",10230185,0
"23/02/2020",0,0,"Sweden",10230185,0
"22/02/2020",0,0,"Sweden",10230185,0
"21/02/2020",0,0,"Sweden",10230185,0
"20/02/2020",0,0,"Sweden",10230185,0
"19/02/2020",0,0,"Sweden",10230185,0.00977499
"18/02/2020",0,0,"Sweden",10230185,0.00977499
"17/02/2020",0,0,"Sweden",10230185,0.00977499
"16/02/2020",0,0,"Sweden",10230185,0.00977499
"15/02/2020",0,0,"Sweden",10230185,0.00977499
"14/02/2020",0,0,"Sweden",10230185,0.00977499
"13/02/2020",0,0,"Sweden",10230185,0.00977499
"12/2/2020",0,0,"Sweden",10230185,0.00977499
"11/2/2020",0,0,"Sweden",10230185,0.00977499
"10/2/2020",0,0,"Sweden",10230185,0.00977499
"9/2/2020",0,0,"Sweden",10230185,0.00977499
"8/2/2020",0,0,"Sweden",10230185,0.00977499
"7/2/2020",0,0,"Sweden",10230185,0.00977499
"6/2/2020",0,0,"Sweden",10230185,0.00977499
"5/2/2020",1,0,"Sweden",10230185,0
"4/2/2020",0,0,"Sweden",10230185,0
"3/2/2020",0,0,"Sweden",10230185,0
"2/2/2020",0,0,"Sweden",10230185,0
"1/2/2020",0,0,"Sweden",10230185,0
"31/01/2020",0,0,"Sweden",10230185,0
"30/01/2020",0,0,"Sweden",10230185,0
"29/01/2020",0,0,"Sweden",10230185,0
"28/01/2020",0,0,"Sweden",10230185,0
"27/01/2020",0,0,"Sweden",10230185,0
"26/01/2020",0,0,"Sweden",10230185,0
"25/01/2020",0,0,"Sweden",10230185,0
"24/01/2020",0,0,"Sweden",10230185,0
"23/01/2020",0,0,"Sweden",10230185,0
"22/01/2020",0,0,"Sweden",10230185,0
"21/01/2020",0,0,"Sweden",10230185,0
"20/01/2020",0,0,"Sweden",10230185,0
"19/01/2020",0,0,"Sweden",10230185,0
"18/01/2020",0,0,"Sweden",10230185,0
"17/01/2020",0,0,"Sweden",10230185,0
"16/01/2020",0,0,"Sweden",10230185,0
"15/01/2020",0,0,"Sweden",10230185,0
"14/01/2020",0,0,"Sweden",10230185,0
"13/01/2020",0,0,"Sweden",10230185,0
"12/1/2020",0,0,"Sweden",10230185,NA
"11/1/2020",0,0,"Sweden",10230185,NA
"10/1/2020",0,0,"Sweden",10230185,NA
"9/1/2020",0,0,"Sweden",10230185,NA
"8/1/2020",0,0,"Sweden",10230185,NA
"7/1/2020",0,0,"Sweden",10230185,NA
"6/1/2020",0,0,"Sweden",10230185,NA
"5/1/2020",0,0,"Sweden",10230185,NA
"4/1/2020",0,0,"Sweden",10230185,NA
"3/1/2020",0,0,"Sweden",10230185,NA
"2/1/2020",0,0,"Sweden",10230185,NA
"1/1/2020",0,0,"Sweden",10230185,NA
"31/12/2019",0,0,"Sweden",10230185,NA
